source,augment_col,augment_ratio,top_1,top_5,top_10,mrr_score
iapp,,0.0,0.4553003044561306,0.651120952117354,0.7140880154995848,0.539561504092366
iapp,th_aug,0.1,0.42697053638881893,0.6125661042558549,0.6662049861495845,0.5081073896863384
iapp,th_aug,0.2,0.40540540540540543,0.5823515823515824,0.6267036267036267,0.48394236727570183
iapp,th_aug,0.3,0.38660123746532965,0.5570727544271389,0.5944100704075101,0.46361639421432554
iapp,th_aug,0.4,0.3709613478691774,0.5370664023785927,0.5672943508424182,0.44703269778344173
iapp,th_aug,0.5,0.3575460349773295,0.5240122143055427,0.5483482927732025,0.4347094989872823
iapp,th_aug,0.6,0.34435476872342274,0.5107176950446932,0.529289247591773,0.42264676995215955
iapp,th_aug,0.7,0.3390799901952774,0.5061688046409021,0.5193234741400441,0.4189299558917177
iapp,th_aug,0.8,0.3311462755692783,0.5017367811655732,0.5103820918564261,0.41368846985597274
iapp,th_aug,0.9,0.3236778582400702,0.499890278692122,0.5042791310072416,0.40988493195537296
iapp,th_aug,1.0,0.31679177092021127,0.49819293855991104,0.49958298582151794,0.4064013055412137
iapp,th_fasttext_aug,0.1,0.43186107965269915,0.6168365420913552,0.6683025040895936,0.5129086347848156
iapp,th_fasttext_aug,0.2,0.41301338255652975,0.5910244577757268,0.633133364097831,0.49253599263117137
iapp,th_fasttext_aug,0.3,0.3902439024390244,0.5658749600596442,0.6003834274150601,0.4702007330428894
iapp,th_fasttext_aug,0.4,0.3714144411473788,0.545895153313551,0.5738872403560831,0.45219694471920036
iapp,th_fasttext_aug,0.5,0.3565361890694239,0.531573116691285,0.5539143279172821,0.4390168167217651
iapp,th_fasttext_aug,0.6,0.3445858218644508,0.5213364494070805,0.5385614126200987,0.4290119792976194
iapp,th_fasttext_aug,0.7,0.33346912172071047,0.5100211829884308,0.522568029982076,0.4189113780322841
iapp,th_fasttext_aug,0.8,0.32527895344363217,0.503347441323586,0.5121969988457099,0.41239090736974565
iapp,th_fasttext_aug,0.9,0.31714785651793526,0.49978127734033245,0.5040828229804608,0.4071991290440548
iapp,th_fasttext_aug,1.0,0.3108463776146281,0.49771436487048065,0.49847624324698714,0.40362054389101076
iapp,th_llm_gec_aug,0.1,0.4260355029585799,0.6078307944101725,0.66196651139368,0.5053234953807798
iapp,th_llm_gec_aug,0.2,0.40376399953815956,0.5791479043990302,0.6244082669437709,0.48134641148150104
iapp,th_llm_gec_aug,0.3,0.38660838042435225,0.5551764580445676,0.5924938692824395,0.462533022947247
iapp,th_llm_gec_aug,0.4,0.37004754358161646,0.5343700475435816,0.5651743264659271,0.4455619308605648
iapp,th_llm_gec_aug,0.5,0.35722211947475496,0.5214536711670057,0.5458664693915295,0.433831401680949
iapp,th_llm_gec_aug,0.6,0.34746791536593824,0.5120534165799514,0.5305237599722511,0.4251917714131558
iapp,th_llm_gec_aug,0.7,0.3409257898603968,0.5063270471058862,0.5200424524450976,0.4200508755492839
iapp,th_llm_gec_aug,0.8,0.3329220328526259,0.5013495797023213,0.5099097709570448,0.41440763549963827
iapp,th_llm_gec_aug,0.9,0.32561198392400437,0.4993788819875776,0.5034709535988309,0.41054705940347136
iapp,th_llm_gec_aug,1.0,0.32021106713879055,0.4989238353120878,0.5000347149899327,0.4085252851863973
iapp,th_llm_paraphrase_aug,0.1,0.42864334256229547,0.6103699974830104,0.6629750818021646,0.5077227635747658
iapp,th_llm_paraphrase_aug,0.2,0.40383062189915775,0.5786315910926503,0.6229375793238722,0.481448469930645
iapp,th_llm_paraphrase_aug,0.3,0.38432040903280784,0.5526203664252237,0.5891563698338305,0.46044329640676174
iapp,th_llm_paraphrase_aug,0.4,0.36788999901078245,0.5339796221189039,0.5636561479869423,0.4439822207776512
iapp,th_llm_paraphrase_aug,0.5,0.3571560480147738,0.5213296398891967,0.5444136657433056,0.43340130296501517
iapp,th_llm_paraphrase_aug,0.6,0.34554112554112554,0.5123809523809524,0.5295238095238095,0.42417003367003375
iapp,th_llm_paraphrase_aug,0.7,0.33689185885420914,0.5045228587727162,0.5172357591068373,0.41721858737790607
iapp,th_llm_paraphrase_aug,0.8,0.3298953201970443,0.5005387931034483,0.5084667487684729,0.4126027494331066
iapp,th_llm_paraphrase_aug,0.9,0.3236345074017356,0.49835922117698533,0.5023700138554656,0.4092181095681422
iapp,th_llm_paraphrase_aug,1.0,0.3167521130663711,0.4978522931966191,0.498891506165997,0.4063644921272744
iapp,th_ltw2v_aug,0.1,0.4362055740219893,0.6272053183329072,0.6823063155203273,0.5195141501584878
iapp,th_ltw2v_aug,0.2,0.4166072701354241,0.6057258256117842,0.652767878355904,0.5001346321374845
iapp,th_ltw2v_aug,0.3,0.40232945091514144,0.5862451469772602,0.6273987798114254,0.4846497460141399
iapp,th_ltw2v_aug,0.4,0.3899698262407658,0.5699719071896785,0.605972323379461,0.4716372856498763
iapp,th_ltw2v_aug,0.5,0.37813479623824453,0.5549568965517241,0.5856191222570533,0.459504605786934
iapp,th_ltw2v_aug,0.6,0.36717882265827473,0.5395223991114402,0.5654387263976305,0.4473323739590868
iapp,th_ltw2v_aug,0.7,0.35596491228070176,0.5285964912280702,0.5504385964912281,0.43712193678641065
iapp,th_ltw2v_aug,0.8,0.34508627156789196,0.5178794698674669,0.535550554305243,0.42721983405904396
iapp,th_ltw2v_aug,0.9,0.33383625823870405,0.5063924402445803,0.51965377590725,0.41675600201169943
iapp,th_ltw2v_aug,1.0,0.32661106899166037,0.499393479909022,0.509325246398787,0.4107062529333186
iapp,th_qcpg_0.2_aug,0.1,0.4267740312028183,0.6108454957221943,0.6624308002013085,0.5074312894928157
iapp,th_qcpg_0.2_aug,0.2,0.40426758938869667,0.5841983852364475,0.6259515570934256,0.48460724812801087
iapp,th_qcpg_0.2_aug,0.3,0.3812819420783646,0.5614352640545145,0.5951873935264055,0.46332352255212256
iapp,th_qcpg_0.2_aug,0.4,0.3633217993079585,0.5463173504695996,0.5734058329214039,0.4481090867719643
iapp,th_qcpg_0.2_aug,0.5,0.348528190458614,0.531789240564732,0.5533819322690782,0.4349186575679152
iapp,th_qcpg_0.2_aug,0.6,0.3345445107708279,0.5203737347521412,0.5370706808547452,0.4233618207210216
iapp,th_qcpg_0.2_aug,0.7,0.32266731802638005,0.5139228138739619,0.5259729685718938,0.41523428917786526
iapp,th_qcpg_0.2_aug,0.8,0.31190402952937557,0.5072285450630575,0.5154567825284527,0.40762646902296223
iapp,th_qcpg_0.2_aug,0.9,0.30110738743989507,0.5013113798630336,0.5053183738889698,0.4000270313089047
iapp,th_qcpg_0.2_aug,1.0,0.2941380026299398,0.49830438092601564,0.49906567928576373,0.3958892360321524
iapp,th_qcpg_0.2_llm_gec_aug,0.1,0.42778057372924005,0.6139909411172622,0.6660795168595873,0.5096975579361098
iapp,th_qcpg_0.2_llm_gec_aug,0.2,0.4029988465974625,0.5838523644752018,0.6272202998846598,0.4845028468903918
iapp,th_qcpg_0.2_llm_gec_aug,0.3,0.3819207836456559,0.5620741056218058,0.5967844974446337,0.4645091820799882
iapp,th_qcpg_0.2_llm_gec_aug,0.4,0.3619377162629758,0.5464162135442412,0.5746910528917449,0.4481425903694822
iapp,th_qcpg_0.2_llm_gec_aug,0.5,0.34603672603118946,0.5326197287072068,0.5552274614745778,0.4346008530446111
iapp,th_qcpg_0.2_llm_gec_aug,0.6,0.33203564322173196,0.5240937797387317,0.5405311878190154,0.42430206243468666
iapp,th_qcpg_0.2_llm_gec_aug,0.7,0.3190034196384954,0.5162025728708679,0.5283341475329751,0.4146883553942667
iapp,th_qcpg_0.2_llm_gec_aug,0.8,0.3075207628422024,0.5079975392187019,0.5162257766840972,0.40604307343772117
iapp,th_qcpg_0.2_llm_gec_aug,0.9,0.2984117732769926,0.5023313419787265,0.5067026081888387,0.3993774414909486
iapp,th_qcpg_0.2_llm_gec_aug,1.0,0.28894733199529377,0.4987888435185826,0.49920409716935427,0.39354840835912186
iapp,th_qcpg_0.5_aug,0.1,0.4274031202818319,0.6132360342224459,0.6638147961751384,0.5080654711977071
iapp,th_qcpg_0.5_aug,0.2,0.4023068050749712,0.5839677047289504,0.6250288350634371,0.48255304736273724
iapp,th_qcpg_0.5_aug,0.3,0.38373083475298125,0.5647359454855196,0.5987010221465077,0.46567895507152396
iapp,th_qcpg_0.5_aug,0.4,0.36770812734823016,0.5479533320150287,0.5753411113308285,0.45101548694093735
iapp,th_qcpg_0.5_aug,0.5,0.35391288298265045,0.5343300110741971,0.5562938353636028,0.4386633033919861
iapp,th_qcpg_0.5_aug,0.6,0.34062986675895485,0.5237065236200035,0.5404914345042395,0.4278936873243851
iapp,th_qcpg_0.5_aug,0.7,0.3265472312703583,0.5145765472312703,0.5264657980456026,0.4171257949433846
iapp,th_qcpg_0.5_aug,0.8,0.31548992462698044,0.5073065682202738,0.5149976926626673,0.4090273962735892
iapp,th_qcpg_0.5_aug,0.9,0.3068347420577091,0.5025502768872049,0.5066307199067327,0.403315909332741
iapp,th_qcpg_0.5_aug,1.0,0.2972935557555202,0.4981657091437669,0.4986502388039039,0.39707867619025644
iapp,th_qcpg_0.5_llm_gec_aug,0.1,0.4228736789129341,0.611852038248616,0.6635631605435329,0.5055266973422498
iapp,th_qcpg_0.5_llm_gec_aug,0.2,0.40173010380622837,0.5863898500576701,0.6294117647058823,0.4844723183391017
iapp,th_qcpg_0.5_llm_gec_aug,0.3,0.3805366269165247,0.5625,0.5978492333901193,0.46372220701170963
iapp,th_qcpg_0.5_llm_gec_aug,0.4,0.3667193988530749,0.5465691121218114,0.5746490013842199,0.4503201204679361
iapp,th_qcpg_0.5_llm_gec_aug,0.5,0.3500968902832887,0.5330811110085817,0.5555965673156777,0.4365184457714682
iapp,th_qcpg_0.5_llm_gec_aug,0.6,0.33393892205208064,0.5220174755601695,0.5396660610779479,0.42415976281795176
iapp,th_qcpg_0.5_llm_gec_aug,0.7,0.3229378715088348,0.5153489129549711,0.5279700350134354,0.41619261525417395
iapp,th_qcpg_0.5_llm_gec_aug,0.8,0.31254325924786586,0.5071137429823886,0.5154195185726371,0.40794984429722564
iapp,th_qcpg_0.5_llm_gec_aug,0.9,0.3022950819672131,0.5009836065573771,0.5057194899817851,0.40064946367132154
iapp,th_qcpg_0.5_llm_gec_aug,1.0,0.29401993355481726,0.49799280177187155,0.49875415282392027,0.3956059717168521
iapp,th_qcpg_0.8_aug,0.1,0.4265760664401661,0.6107965269913175,0.6623883226374733,0.507186998787604
iapp,th_qcpg_0.8_aug,0.2,0.40189179836197947,0.5814972891913716,0.6232552774253086,0.482054053212781
iapp,th_qcpg_0.8_aug,0.3,0.3800851970181044,0.5584664536741214,0.592332268370607,0.461042522440287
iapp,th_qcpg_0.8_aug,0.4,0.3660996835443038,0.5411392405063291,0.5689280063291139,0.4469218954063702
iapp,th_qcpg_0.8_aug,0.5,0.3534244046520214,0.5285213217648145,0.5511353147498615,0.435538142707702
iapp,th_qcpg_0.8_aug,0.6,0.3402855906533968,0.5189961055819992,0.5365642578970142,0.42508946171862677
iapp,th_qcpg_0.8_aug,0.7,0.3303738698379083,0.5117699763785941,0.5245581168037794,0.41750699139311986
iapp,th_qcpg_0.8_aug,0.8,0.32220341591014,0.5073088167410371,0.5152331127865826,0.41216295180943574
iapp,th_qcpg_0.8_aug,0.9,0.3131195335276968,0.5013848396501458,0.5056122448979592,0.4057439608496459
iapp,th_qcpg_0.8_aug,1.0,0.3051516410469464,0.4979919678714859,0.4987536352305775,0.40096436649718725
iapp,th_qcpg_0.8_llm_gec_aug,0.1,0.425443563608909,0.6086573549767208,0.6618849880458034,0.5057629314046842
iapp,th_qcpg_0.8_llm_gec_aug,0.2,0.4008536163340639,0.5766524397277656,0.6204867920175338,0.47929334959269326
iapp,th_qcpg_0.8_llm_gec_aug,0.3,0.38079011819827496,0.5545735278458098,0.5905654349909488,0.4598026563765045
iapp,th_qcpg_0.8_llm_gec_aug,0.4,0.3660007911392405,0.5389636075949367,0.5670490506329114,0.44570854053646863
iapp,th_qcpg_0.8_llm_gec_aug,0.5,0.3532398006276537,0.5262137714602179,0.5479047443234263,0.4340527762394112
iapp,th_qcpg_0.8_llm_gec_aug,0.6,0.3424195223260644,0.5163551401869159,0.5334025614399446,0.4250972490069065
iapp,th_qcpg_0.8_llm_gec_aug,0.7,0.33232874480736335,0.5098965545328663,0.5223588824631424,0.4179633228220017
iapp,th_qcpg_0.8_llm_gec_aug,0.8,0.32256327409800756,0.5042695591968613,0.5125778906069698,0.4113822858168577
iapp,th_qcpg_0.8_llm_gec_aug,0.9,0.3152102616427374,0.5001093214780263,0.5046279425697835,0.4063622208108761
iapp,th_qcpg_0.8_llm_gec_aug,1.0,0.30665374229730663,0.498026725749498,0.498996053451499,0.40189112317825176
iapp,th_thai2fit_aug,0.1,0.4305089124257298,0.6193490054249547,0.6748902092482563,0.5119938451571115
iapp,th_thai2fit_aug,0.2,0.4147493339791717,0.6011140712036813,0.650157423104868,0.49618873665555796
iapp,th_thai2fit_aug,0.3,0.4024390243902439,0.5851379074538409,0.6283337132436745,0.4830200429841426
iapp,th_thai2fit_aug,0.4,0.39181916038751347,0.5721205597416577,0.6089343379978471,0.47200270815179385
iapp,th_thai2fit_aug,0.5,0.38180705690393635,0.5600652661635733,0.5924943911890679,0.46209062964365893
iapp,th_thai2fit_aug,0.6,0.371536523929471,0.5477620616159659,0.5756636310792482,0.4521131855829591
iapp,th_thai2fit_aug,0.7,0.3629821000184536,0.5364458387156302,0.5602509688134342,0.44335462086661603
iapp,th_thai2fit_aug,0.8,0.3532675709001233,0.5269508543244672,0.5476484058481592,0.4344595359722189
iapp,th_thai2fit_aug,0.9,0.3448188711036226,0.5208087615838247,0.5385846672283067,0.4281763750150439
iapp,th_thai2fit_aug,1.0,0.3292161136675547,0.5092435617986599,0.524017114717042,0.4152460144467895
iapp,th_thai2trans_aug,0.1,0.4253242583793502,0.6080647232567099,0.6654680878387055,0.5041009537670652
iapp,th_thai2trans_aug,0.2,0.404168663152851,0.5796597987541926,0.6308097747963584,0.48027504924666037
iapp,th_thai2trans_aug,0.3,0.38747334156470986,0.5584240655516893,0.6037714670557863,0.4623596256327212
iapp,th_thai2trans_aug,0.4,0.37328405491024286,0.5423442449841606,0.5826821541710665,0.4481689462127698
iapp,th_thai2trans_aug,0.5,0.3626395534290271,0.529804625199362,0.5650917065390749,0.4372506787802848
iapp,th_thai2trans_aug,0.6,0.353252147644671,0.5193996035117531,0.5506466534503918,0.4280550648151901
iapp,th_thai2trans_aug,0.7,0.3497400035861574,0.5146135915366684,0.5414201183431953,0.4244611869611872
iapp,th_thai2trans_aug,0.8,0.3436619718309859,0.5065300896286812,0.530004268032437,0.41797800269631247
iapp,th_thai2trans_aug,0.9,0.3383838383838384,0.500733137829912,0.5212609970674487,0.4133857455766057
iapp,th_thai2trans_aug,1.0,0.331905281196448,0.4967284623773173,0.5137093005140988,0.40870645059186855
iapp,th_wordnet_aug,0.1,0.433203125,0.6212239583333333,0.6783854166666666,0.5144540033895514
iapp,th_wordnet_aug,0.2,0.4175783650891211,0.6001229256299938,0.6515058389674248,0.49724563662793647
iapp,th_wordnet_aug,0.3,0.40482011875654905,0.583071370357434,0.6282454302014204,0.48310509751306235
iapp,th_wordnet_aug,0.4,0.3931888544891641,0.567890314020345,0.6080274214949137,0.47064299403972254
iapp,th_wordnet_aug,0.5,0.38246131171702286,0.5536372249710496,0.5892199178860933,0.4590218352140669
iapp,th_wordnet_aug,0.6,0.3718476841153421,0.5406410127599719,0.5726916507585652,0.4483497039259128
iapp,th_wordnet_aug,0.7,0.36481552651806304,0.5291122213681784,0.5580322828593389,0.4401768557153844
iapp,th_wordnet_aug,0.8,0.35665623273798563,0.518596943472657,0.5432701160007365,0.43161509617042726
iapp,th_wordnet_aug,0.9,0.3503578686931165,0.5133869400017672,0.535212512149863,0.42653638787552417
iapp,th_wordnet_aug,1.0,0.34717974855589534,0.5133367312266395,0.5321100917431193,0.42550011056636966
thaiqa,,0.0,0.44161935324611207,0.6349049617378425,0.6971118242409282,0.5253605811616175
thaiqa,th_aug,0.1,0.4108666367310283,0.5916030534351145,0.643242029636282,0.4902718084689342
thaiqa,th_aug,0.2,0.3896665294359819,0.5596953478797859,0.6035405516673528,0.4652315441065954
thaiqa,th_aug,0.3,0.371341695172938,0.5361079437476245,0.571835803876853,0.445895851055486
thaiqa,th_aug,0.4,0.3556300741263678,0.5187080833039182,0.5471231909636428,0.43031477092543075
thaiqa,th_aug,0.5,0.34464579901153214,0.5049423393739704,0.52833607907743,0.41991677780392783
thaiqa,th_aug,0.6,0.33431175652711265,0.4957515835006952,0.5144446160976364,0.4112724038067776
thaiqa,th_aug,0.7,0.32935873200523486,0.4904754980369347,0.504725897920605,0.40712335343715333
thaiqa,th_aug,0.8,0.32165911275923637,0.49004257656915257,0.49965664057135006,0.4034115211803718
thaiqa,th_aug,0.9,0.3159401431359792,0.4890045543266103,0.49472999349381913,0.4009363736819821
thaiqa,th_aug,1.0,0.312275930275683,0.4925207071331438,0.4944987019409074,0.4014719676142599
thaiqa,th_fasttext_aug,0.1,0.4207809694793537,0.6005385996409336,0.6519299820466786,0.49975919751503217
thaiqa,th_fasttext_aug,0.2,0.40218062127134335,0.5760131660152232,0.6169512445998766,0.4799425619524363
thaiqa,th_fasttext_aug,0.3,0.3830231674895556,0.5535510824154957,0.5883023167489556,0.461324745748407
thaiqa,th_fasttext_aug,0.4,0.36660201022747313,0.5365896667254453,0.5656850643625463,0.44599731857711084
thaiqa,th_fasttext_aug,0.5,0.3535220539828835,0.5220539828834759,0.5459183673469388,0.4333041396282018
thaiqa,th_fasttext_aug,0.6,0.34115105693565806,0.5127295170498379,0.5298565036259837,0.42302738407506213
thaiqa,th_fasttext_aug,0.7,0.33255881498693,0.5042114435085681,0.5178623293639268,0.41574012604364075
thaiqa,th_fasttext_aug,0.8,0.3221780277053902,0.49746262515429984,0.5069263475517761,0.40824026359961124
thaiqa,th_fasttext_aug,0.9,0.31444906444906445,0.4923336798336798,0.49701143451143454,0.4024627305877307
thaiqa,th_fasttext_aug,1.0,0.31008517466979385,0.4927786693000864,0.4947537341069004,0.4009631380017754
thaiqa,th_llm_gec_aug,0.1,0.41257014590347924,0.5934904601571268,0.64668911335578,0.4916921418773267
thaiqa,th_llm_gec_aug,0.2,0.39382716049382716,0.561522633744856,0.605761316872428,0.4687468972499834
thaiqa,th_llm_gec_aug,0.3,0.37879939209726443,0.5404635258358662,0.5763677811550152,0.4523764292951221
thaiqa,th_llm_gec_aug,0.4,0.36514376433233375,0.5231963309225613,0.5514200035279591,0.4379676295754968
thaiqa,th_llm_gec_aug,0.5,0.3540260167956529,0.5091388111312366,0.5320270047752347,0.4264776567633476
thaiqa,th_llm_gec_aug,0.6,0.34331583822167333,0.5010805804260574,0.5185242358752702,0.4179059649999756
thaiqa,th_llm_gec_aug,0.7,0.3336239465271723,0.49287997675094447,0.50581226387678,0.4099363764686348
thaiqa,th_llm_gec_aug,0.8,0.3264717990942775,0.490050775353369,0.49924523123370385,0.4059554305231541
thaiqa,th_llm_gec_aug,0.9,0.3188141984137303,0.48836302171369134,0.49434403848654274,0.40218994371900374
thaiqa,th_llm_gec_aug,1.0,0.31373517786561267,0.49197134387351776,0.49394762845849804,0.4020794611487548
thaiqa,th_llm_paraphrase_aug,0.1,0.41548821548821546,0.5955106621773288,0.6469135802469136,0.4944456914827282
thaiqa,th_llm_paraphrase_aug,0.2,0.3932098765432099,0.5619341563786008,0.6039094650205762,0.4681900352733686
thaiqa,th_llm_paraphrase_aug,0.3,0.3754985754985755,0.5411206077872744,0.5749287749287749,0.45031286272027016
thaiqa,th_llm_paraphrase_aug,0.4,0.3599647266313933,0.5208112874779541,0.5488536155202822,0.43409353041628157
thaiqa,th_llm_paraphrase_aug,0.5,0.34814814814814815,0.5066666666666667,0.5292181069958848,0.4222764386961916
thaiqa,th_llm_paraphrase_aug,0.6,0.3406389874980707,0.4988424139527705,0.5164377218706591,0.4153963844116646
thaiqa,th_llm_paraphrase_aug,0.7,0.3328006972690296,0.49418942475305055,0.5066821615339918,0.4102037851747323
thaiqa,th_llm_paraphrase_aug,0.8,0.3247359034161065,0.4901906983125257,0.4993826313623268,0.4053220551951517
thaiqa,th_llm_paraphrase_aug,0.9,0.3192097738497531,0.48986223030933196,0.494931115154666,0.40314355444976707
thaiqa,th_llm_paraphrase_aug,1.0,0.31226077293493026,0.49265341400172863,0.4943820224719101,0.40161209398769604
thaiqa,th_ltw2v_aug,0.1,0.41593319792371924,0.6016700519070187,0.6533513879485443,0.49700459962816057
thaiqa,th_ltw2v_aug,0.2,0.39679900228642695,0.5776345874038662,0.6206609852421534,0.47707510566063877
thaiqa,th_ltw2v_aug,0.3,0.38451165478713156,0.5575033712194182,0.5935272587170102,0.4623817779857077
thaiqa,th_ltw2v_aug,0.4,0.36959253275893017,0.5428109854604201,0.5718901453957996,0.4485605730355328
thaiqa,th_ltw2v_aug,0.5,0.36223118279569894,0.5344422043010753,0.5577956989247311,0.44187668010752723
thaiqa,th_ltw2v_aug,0.6,0.3513897662665824,0.5251105495893872,0.543903979785218,0.4326996159592498
thaiqa,th_ltw2v_aug,0.7,0.34147794994040526,0.5140047675804529,0.5284564958283671,0.42294179342376625
thaiqa,th_ltw2v_aug,0.8,0.335307388606881,0.505922165820643,0.5160744500846024,0.41696876203009897
thaiqa,th_ltw2v_aug,0.9,0.3294967880085653,0.49866167023554603,0.505754817987152,0.4114089957003503
thaiqa,th_ltw2v_aug,1.0,0.3264994269705845,0.49675283331211,0.5007003692856233,0.4095258813232838
thaiqa,th_qcpg_0.2_aug,0.1,0.4156193895870736,0.5971723518850988,0.6483393177737882,0.4958259418369382
thaiqa,th_qcpg_0.2_aug,0.2,0.3873688541452376,0.5681958444764452,0.6101625180004114,0.4689893320010581
thaiqa,th_qcpg_0.2_aug,0.3,0.3672616786935055,0.5459551842005317,0.5803266236232435,0.44956263300357474
thaiqa,th_qcpg_0.2_aug,0.4,0.3528478222535708,0.528478222535708,0.5563392699700229,0.43487144284622686
thaiqa,th_qcpg_0.2_aug,0.5,0.34200131665569455,0.5162936142198815,0.5388413429888085,0.42482477245890704
thaiqa,th_qcpg_0.2_aug,0.6,0.329887363061256,0.5081006017589879,0.5252275883351335,0.41540589954029256
thaiqa,th_qcpg_0.2_aug,0.7,0.32210281731048507,0.5002904443799012,0.5129247749056056,0.40859836382999326
thaiqa,th_qcpg_0.2_aug,0.8,0.3146344808668221,0.49554244959539157,0.5030859964339597,0.40355787631195683
thaiqa,th_qcpg_0.2_aug,0.9,0.3075623700623701,0.49311330561330563,0.49701143451143454,0.39942920255420267
thaiqa,th_qcpg_0.2_aug,1.0,0.30436929153295483,0.49456924216242903,0.4951863737348803,0.39906915987821956
thaiqa,th_qcpg_0.2_llm_gec_aug,0.1,0.4135996409335727,0.598967684021544,0.6490125673249552,0.4960417200991706
thaiqa,th_qcpg_0.2_llm_gec_aug,0.2,0.38695741616951246,0.5694301584036207,0.6087224850853734,0.4693050126860041
thaiqa,th_qcpg_0.2_llm_gec_aug,0.3,0.3680212685150019,0.5480440562096468,0.5807064185339916,0.45081625763357613
thaiqa,th_qcpg_0.2_llm_gec_aug,0.4,0.3532004937400811,0.5334156233468524,0.5591606418621055,0.4375673504574933
thaiqa,th_qcpg_0.2_llm_gec_aug,0.5,0.3377221856484529,0.5189269256089533,0.5399934167215273,0.42397926528522334
thaiqa,th_qcpg_0.2_llm_gec_aug,0.6,0.3247955562413208,0.5084091961117112,0.5249189939824102,0.41348116472325713
thaiqa,th_qcpg_0.2_llm_gec_aug,0.7,0.31484170781295384,0.501161777519605,0.5132152192855068,0.40567980120695785
thaiqa,th_qcpg_0.2_llm_gec_aug,0.8,0.3069537786311891,0.4969140035660403,0.5034974626251543,0.4002629900311975
thaiqa,th_qcpg_0.2_llm_gec_aug,0.9,0.30054573804573803,0.49701143451143454,0.5001299376299376,0.3974539958914959
thaiqa,th_qcpg_0.2_llm_gec_aug,1.0,0.29564251326996666,0.4950006172077521,0.4956178249598815,0.39469421764508794
thaiqa,th_qcpg_0.5_aug,0.1,0.4171903052064632,0.5978456014362658,0.6485637342908438,0.4969330633210793
thaiqa,th_qcpg_0.5_aug,0.2,0.3925118288418021,0.5692244394157581,0.6107796749639992,0.4726381500964922
thaiqa,th_qcpg_0.5_aug,0.3,0.37105962780098745,0.5461450816559058,0.5807064185339916,0.45150772551076385
thaiqa,th_qcpg_0.5_aug,0.4,0.3540821724563569,0.5298889084817493,0.5570446129430435,0.4361575042054674
thaiqa,th_qcpg_0.5_aug,0.5,0.3436471362738644,0.5181040157998683,0.5396642527978933,0.4264463619549205
thaiqa,th_qcpg_0.5_aug,0.6,0.3322018207066811,0.5099521678753279,0.5266162629223885,0.4176160229045587
thaiqa,th_qcpg_0.5_aug,0.7,0.3255881498693,0.5026139994191112,0.5156839965146675,0.4119894748488997
thaiqa,th_qcpg_0.5_aug,0.8,0.31710327801398985,0.49855986833081883,0.506103415169387,0.4063271090907903
thaiqa,th_qcpg_0.5_aug,0.9,0.30886174636174635,0.49480249480249483,0.4987006237006237,0.40101928851928853
thaiqa,th_qcpg_0.5_aug,1.0,0.30354277249722256,0.49450685100604863,0.49537094185902975,0.3987204695481453
thaiqa,th_qcpg_0.5_llm_gec_aug,0.1,0.41808797127468583,0.598294434470377,0.6476660682226212,0.49767025376877255
thaiqa,th_qcpg_0.5_llm_gec_aug,0.2,0.39004320098745116,0.5700473153672084,0.6101625180004114,0.47111729900765076
thaiqa,th_qcpg_0.5_llm_gec_aug,0.3,0.3693505507026206,0.5499430307633878,0.5820357007216104,0.45184170389259637
thaiqa,th_qcpg_0.5_llm_gec_aug,0.4,0.3542585081996121,0.535178980779404,0.5607476635514018,0.4384190800872163
thaiqa,th_qcpg_0.5_llm_gec_aug,0.5,0.3421658986175115,0.5235352205398288,0.5450954575378538,0.42807337220602554
thaiqa,th_qcpg_0.5_llm_gec_aug,0.6,0.33173892917759606,0.5130381114025613,0.5287764233914519,0.4185315194843047
thaiqa,th_qcpg_0.5_llm_gec_aug,0.7,0.32094103979088007,0.5056636654080744,0.5175718849840255,0.4105439954082128
thaiqa,th_qcpg_0.5_llm_gec_aug,0.8,0.31340008229323824,0.4996571115073378,0.5069263475517761,0.40472119355674435
thaiqa,th_qcpg_0.5_llm_gec_aug,0.9,0.30665280665280664,0.4967515592515592,0.5003898128898129,0.40053955053955076
thaiqa,th_qcpg_0.5_llm_gec_aug,1.0,0.3010739414887051,0.49450685100604863,0.49524750030860387,0.3972014037067736
thaiqa,th_qcpg_0.8_aug,0.1,0.41683501683501684,0.5977553310886644,0.6478114478114478,0.4961529759677904
thaiqa,th_qcpg_0.8_aug,0.2,0.3947314262193867,0.566165877752624,0.6060917884338342,0.4711896921765206
thaiqa,th_qcpg_0.8_aug,0.3,0.3773513205396162,0.5439863195895877,0.5770473114193426,0.45271617672339665
thaiqa,th_qcpg_0.8_aug,0.4,0.36273817925194074,0.5275229357798165,0.5552223006351447,0.4390876516449909
thaiqa,th_qcpg_0.8_aug,0.5,0.3532608695652174,0.5149868247694335,0.5375494071146245,0.42952800520735296
thaiqa,th_qcpg_0.8_aug,0.6,0.34141445336627546,0.5047869054972205,0.5220815318097591,0.41965927919448615
thaiqa,th_qcpg_0.8_aug,0.7,0.33323644819066994,0.4997820084290074,0.5127161749745677,0.4139373891299485
thaiqa,th_qcpg_0.8_aug,0.8,0.32477693891557996,0.49567604667124227,0.5048730267673301,0.4082552211001079
thaiqa,th_qcpg_0.8_aug,0.9,0.3164260632071791,0.4931720639875146,0.4974639094810769,0.4035443335872522
thaiqa,th_qcpg_0.8_aug,1.0,0.3106004447739066,0.49431677786014333,0.49481097108969607,0.401720066990638
thaiqa,th_qcpg_0.8_llm_gec_aug,0.1,0.4186307519640853,0.5957351290684624,0.6471380471380471,0.4967105802290984
thaiqa,th_qcpg_0.8_llm_gec_aug,0.2,0.3958847736625514,0.5656378600823045,0.607201646090535,0.4721929910510158
thaiqa,th_qcpg_0.8_llm_gec_aug,0.3,0.3780395136778115,0.5444528875379939,0.5786474164133738,0.45383429524291974
thaiqa,th_qcpg_0.8_llm_gec_aug,0.4,0.36161580525665904,0.5270770859058035,0.5549479626036338,0.4381545974066701
thaiqa,th_qcpg_0.8_llm_gec_aug,0.5,0.35083964438590715,0.5161343431017451,0.5375370431346723,0.42858416827382945
thaiqa,th_qcpg_0.8_llm_gec_aug,0.6,0.33868477925285584,0.5077184316146959,0.5239271380055572,0.41933675394620146
thaiqa,th_qcpg_0.8_llm_gec_aug,0.7,0.32660177248292893,0.49963678628505015,0.511986052593346,0.41043530298942205
thaiqa,th_qcpg_0.8_llm_gec_aug,0.8,0.3193358034856594,0.4962261561685193,0.5043227665706052,0.40579206066031936
thaiqa,th_qcpg_0.8_llm_gec_aug,0.9,0.313052522100884,0.49440977639105566,0.49895995839833596,0.4024669518526775
thaiqa,th_qcpg_0.8_llm_gec_aug,1.0,0.3052982586143016,0.49388662467580585,0.4948746449302211,0.39886098319777485
thaiqa,th_thai2fit_aug,0.1,0.41964082746078657,0.6049102068651966,0.6592407365310298,0.5005578468410927
thaiqa,th_thai2fit_aug,0.2,0.4004634506003792,0.5824731409311144,0.6294501790604592,0.4808748884006942
thaiqa,th_thai2fit_aug,0.3,0.38900883218842003,0.5676153091265947,0.6090284592737979,0.46903328815988277
thaiqa,th_thai2fit_aug,0.4,0.37773286790372956,0.5541061914385449,0.5880948006614,0.4577951439011518
thaiqa,th_thai2fit_aug,0.5,0.36694871352098085,0.5420480055258159,0.5695044033845622,0.4471619891840927
thaiqa,th_thai2fit_aug,0.6,0.3575500895911386,0.5344518651246132,0.5557908454145626,0.439424108678059
thaiqa,th_thai2fit_aug,0.7,0.35131802065669804,0.5272082626792045,0.543240326807461,0.4336226788130598
thaiqa,th_thai2fit_aug,0.8,0.3423555230431602,0.5180687637161668,0.5312362838332114,0.4254216741561295
thaiqa,th_thai2fit_aug,0.9,0.33412223305025757,0.5099540581929556,0.519838507587359,0.4178576953079254
thaiqa,th_thai2fit_aug,1.0,0.31894834683308987,0.4978090559022706,0.5053777718762449,0.40494901497092467
thaiqa,th_thai2trans_aug,0.1,0.4146285714285714,0.5984,0.6548571428571428,0.4947173696145119
thaiqa,th_thai2trans_aug,0.2,0.39276595744680853,0.5748936170212766,0.625531914893617,0.47281855791962146
thaiqa,th_thai2trans_aug,0.3,0.37592039800995025,0.5550248756218905,0.6,0.4551941088209745
thaiqa,th_thai2trans_aug,0.4,0.36485981308411214,0.5409345794392524,0.5813084112149532,0.44333044058744986
thaiqa,th_thai2trans_aug,0.5,0.35259911894273127,0.5289867841409691,0.5651101321585903,0.4319565065380045
thaiqa,th_thai2trans_aug,0.6,0.3445,0.5196666666666667,0.5518333333333333,0.42385866402116423
thaiqa,th_thai2trans_aug,0.7,0.3367588932806324,0.5100395256916996,0.5388142292490119,0.4157641633728593
thaiqa,th_thai2trans_aug,0.8,0.33052631578947367,0.5033082706766917,0.5288721804511278,0.4097022317699011
thaiqa,th_thai2trans_aug,0.9,0.32315412186379927,0.4946236559139785,0.5156989247311828,0.4021429140353874
thaiqa,th_thai2trans_aug,1.0,0.3187671232876712,0.4884931506849315,0.5057534246575343,0.3973919330289198
thaiqa,th_wordnet_aug,0.1,0.4234565067707138,0.6089052100068855,0.6635299518016984,0.504060879955991
thaiqa,th_wordnet_aug,0.2,0.4089641861462578,0.5882479090714132,0.6371434698691829,0.4878959318376002
thaiqa,th_wordnet_aug,0.3,0.39504930569531094,0.5713423223988731,0.6144093378949487,0.47395614716001094
thaiqa,th_wordnet_aug,0.4,0.3814218009478673,0.5543127962085308,0.5920379146919431,0.4598791093056496
thaiqa,th_wordnet_aug,0.5,0.371976348324673,0.5402257659917578,0.5733739473212686,0.4490864696831373
thaiqa,th_wordnet_aug,0.6,0.3624936300322745,0.5257346696110073,0.5546118566332597,0.437967097263004
thaiqa,th_wordnet_aug,0.7,0.3536250605522364,0.514613273050218,0.5386726949782012,0.4286155772390234
thaiqa,th_wordnet_aug,0.8,0.34682258809047545,0.5066933374365287,0.5271580243114325,0.4220664595529962
thaiqa,th_wordnet_aug,0.9,0.3407788390889052,0.4983100661278472,0.5157972079353417,0.41562932251029266
thaiqa,th_wordnet_aug,1.0,0.3337083391927999,0.4947264801012516,0.5082266910420475,0.41078521316181305
xquad,,0.0,0.726271186440678,0.9161016949152543,0.95,0.8091212671509285
xquad,th_aug,0.1,0.6635802469135802,0.8395061728395061,0.8688271604938271,0.7408720972957087
xquad,th_aug,0.2,0.613588110403397,0.7707006369426752,0.7968860580325549,0.6834706635662051
xquad,th_aug,0.3,0.5703073904512753,0.7200784826684107,0.7410071942446043,0.6371619587446928
xquad,th_aug,0.4,0.5303766707168894,0.6701093560145808,0.6883353584447145,0.5936522401589233
xquad,th_aug,0.5,0.4963131026659104,0.6301758366420873,0.6466250709018718,0.5574455968812182
xquad,th_aug,0.6,0.46726982437466735,0.5955295369877595,0.6098988823842469,0.5264244743489024
xquad,th_aug,0.7,0.43837675350701405,0.564128256513026,0.5756513026052105,0.4968307647040114
xquad,th_aug,0.8,0.41950757575757575,0.5378787878787878,0.5478219696969697,0.4753489132395384
xquad,th_aug,0.9,0.39793629430237776,0.5168236877523553,0.5235531628532974,0.45440442365072264
xquad,th_aug,1.0,0.3797953964194373,0.5017050298380221,0.5025575447570333,0.43845552713839164
xquad,th_fasttext_aug,0.1,0.6684656900539707,0.8411719352351581,0.8681572860447185,0.7444025284233458
xquad,th_fasttext_aug,0.2,0.6148409893992933,0.7773851590106007,0.8014134275618374,0.687536317235964
xquad,th_fasttext_aug,0.3,0.5701239399869537,0.7227658186562296,0.7429876060013046,0.6390475672765301
xquad,th_fasttext_aug,0.4,0.5293761356753482,0.6771653543307087,0.6929133858267716,0.5965451433955372
xquad,th_fasttext_aug,0.5,0.4901074053137366,0.6353872244205766,0.6489542114188808,0.5573135660897108
xquad,th_fasttext_aug,0.6,0.456809750927398,0.5998940116587176,0.611552729199788,0.5240130887189711
xquad,th_fasttext_aug,0.7,0.42493765586034915,0.5680798004987531,0.5775561097256858,0.4930647587380754
xquad,th_fasttext_aug,0.8,0.39566650965614697,0.5412152614225153,0.5473386716910033,0.46582834264181416
xquad,th_fasttext_aug,0.9,0.37304774654172246,0.5180722891566265,0.5211958946898706,0.443478145385776
xquad,th_fasttext_aug,1.0,0.3433658329800763,0.49936413734633317,0.5002119542178889,0.4200120107390138
xquad,th_llm_gec_aug,0.1,0.6653816499614496,0.8380878951426368,0.8673862760215882,0.7415400007342956
xquad,th_llm_gec_aug,0.2,0.6096181046676096,0.7722772277227723,0.7977369165487977,0.6816946745694982
xquad,th_llm_gec_aug,0.3,0.5676028739386022,0.7171783148269105,0.7380796864794252,0.6343322654557145
xquad,th_llm_gec_aug,0.4,0.5273058252427184,0.6674757281553398,0.6868932038834952,0.5907237247649872
xquad,th_llm_gec_aug,0.5,0.49178470254957507,0.6277620396600566,0.6453257790368272,0.5541274337874906
xquad,th_llm_gec_aug,0.6,0.4638682252922423,0.5924548352816154,0.6078639744952179,0.522800170369246
xquad,th_llm_gec_aug,0.7,0.44072036018009003,0.5617808904452226,0.5747873936968484,0.4968027664625966
xquad,th_llm_gec_aug,0.8,0.4229678638941399,0.5349716446124764,0.5467863894139886,0.47513277522729336
xquad,th_llm_gec_aug,0.9,0.4017017465293327,0.51589789520824,0.5230631437527989,0.45564743138634783
xquad,th_llm_gec_aug,1.0,0.3825531914893617,0.5008510638297873,0.5017021276595744,0.43929787234042567
xquad,th_llm_paraphrase_aug,0.1,0.6661526599845798,0.8373168851195065,0.8673862760215882,0.7416501450233142
xquad,th_llm_paraphrase_aug,0.2,0.6117397454031117,0.7722772277227723,0.7984441301272984,0.6832878696032871
xquad,th_llm_paraphrase_aug,0.3,0.5659268929503917,0.7154046997389034,0.7382506527415144,0.6335027352977748
xquad,th_llm_paraphrase_aug,0.4,0.5288053365676167,0.6682838083687083,0.6882959369314736,0.5925399713149866
xquad,th_llm_paraphrase_aug,0.5,0.4968873797396718,0.6293152235427278,0.645727221279004,0.5579246054203612
xquad,th_llm_paraphrase_aug,0.6,0.4692144373673036,0.5923566878980892,0.6072186836518046,0.5266911417787216
xquad,th_llm_paraphrase_aug,0.7,0.4407796101949025,0.5622188905547226,0.5752123938030984,0.49789212536588867
xquad,th_llm_paraphrase_aug,0.8,0.4181217555450684,0.5351580934403021,0.5460122699386503,0.4737619571975402
xquad,th_llm_paraphrase_aug,0.9,0.3953488372093023,0.5134168157423972,0.518783542039356,0.45199353295283545
xquad,th_llm_paraphrase_aug,1.0,0.37595581988105353,0.5004248088360238,0.5012744265080714,0.43662256746368905
xquad,th_ltw2v_aug,0.1,0.6708074534161491,0.842391304347826,0.8711180124223602,0.7458348738045946
xquad,th_ltw2v_aug,0.2,0.6232091690544412,0.7822349570200573,0.8080229226361032,0.6930291194796929
xquad,th_ltw2v_aug,0.3,0.581781914893617,0.7347074468085106,0.754654255319149,0.6492607016210742
xquad,th_ltw2v_aug,0.4,0.5465260545905707,0.6898263027295285,0.706575682382134,0.6107866595769824
xquad,th_ltw2v_aug,0.5,0.5151162790697674,0.6523255813953488,0.6656976744186046,0.5772097637504617
xquad,th_ltw2v_aug,0.6,0.48577680525164113,0.6187089715536105,0.6296498905908097,0.5464615678510648
xquad,th_ltw2v_aug,0.7,0.45712809917355374,0.5862603305785123,0.5945247933884298,0.5163001770956318
xquad,th_ltw2v_aug,0.8,0.4324853228962818,0.5582191780821918,0.565068493150685,0.49089961326996573
xquad,th_ltw2v_aug,0.9,0.40566914498141265,0.5348513011152416,0.5399628252788105,0.4660402652386855
xquad,th_ltw2v_aug,1.0,0.38301636444051307,0.5134896063688633,0.5170278637770898,0.44517508757889135
xquad,th_qcpg_0.2_aug,0.1,0.662557781201849,0.837442218798151,0.8667180277349769,0.7396843740064083
xquad,th_qcpg_0.2_aug,0.2,0.6016949152542372,0.7718926553672316,0.797316384180791,0.6785120168594748
xquad,th_qcpg_0.2_aug,0.3,0.5567144719687093,0.7170795306388527,0.7392438070404173,0.6301269116947086
xquad,th_qcpg_0.2_aug,0.4,0.5108958837772397,0.6682808716707022,0.6888619854721549,0.5847748280103003
xquad,th_qcpg_0.2_aug,0.5,0.4751412429378531,0.6271186440677966,0.6440677966101694,0.5473013631064481
xquad,th_qcpg_0.2_aug,0.6,0.4369703389830508,0.5926906779661016,0.6059322033898306,0.511287874966371
xquad,th_qcpg_0.2_aug,0.7,0.4032901296111665,0.5643070787637089,0.5732801595214357,0.48083349158872607
xquad,th_qcpg_0.2_aug,0.8,0.3705273069679849,0.5390772128060264,0.5461393596986818,0.4525819806893254
xquad,th_qcpg_0.2_aug,0.9,0.3412132024977699,0.5138269402319358,0.5182872435325602,0.4261117128980643
xquad,th_qcpg_0.2_aug,1.0,0.31949152542372883,0.49915254237288137,0.49957627118644066,0.40857041969330105
xquad,th_qcpg_0.2_llm_gec_aug,0.1,0.6671802773497689,0.8382126348228043,0.8651771956856703,0.7423533152346715
xquad,th_qcpg_0.2_llm_gec_aug,0.2,0.605225988700565,0.7725988700564972,0.7966101694915254,0.6807534077661198
xquad,th_qcpg_0.2_llm_gec_aug,0.3,0.5508474576271186,0.7170795306388527,0.7385919165580183,0.6271320957761639
xquad,th_qcpg_0.2_llm_gec_aug,0.4,0.5090799031476998,0.6694915254237288,0.6894673123486683,0.5833962681117648
xquad,th_qcpg_0.2_llm_gec_aug,0.5,0.4694915254237288,0.6299435028248588,0.6474576271186441,0.5447567482736976
xquad,th_qcpg_0.2_llm_gec_aug,0.6,0.4258474576271186,0.5953389830508474,0.6096398305084746,0.5064355915388756
xquad,th_qcpg_0.2_llm_gec_aug,0.7,0.39780658025922233,0.56580259222333,0.5767696909272183,0.4785195999303677
xquad,th_qcpg_0.2_llm_gec_aug,0.8,0.3709981167608286,0.5386064030131826,0.5470809792843692,0.45227333871401676
xquad,th_qcpg_0.2_llm_gec_aug,0.9,0.34210526315789475,0.516057091882248,0.5209634255129348,0.42730183509621517
xquad,th_qcpg_0.2_llm_gec_aug,1.0,0.3190677966101695,0.49830508474576274,0.49957627118644066,0.4076805891848266
xquad,th_qcpg_0.5_aug,0.1,0.6602465331278891,0.8389830508474576,0.8690292758089369,0.7392028639909999
xquad,th_qcpg_0.5_aug,0.2,0.6031073446327684,0.7718926553672316,0.7980225988700564,0.6795536835261413
xquad,th_qcpg_0.5_aug,0.3,0.5534550195567145,0.7170795306388527,0.7398956975228161,0.6284211315990978
xquad,th_qcpg_0.5_aug,0.4,0.5157384987893463,0.6713075060532687,0.690677966101695,0.5881675410277107
xquad,th_qcpg_0.5_aug,0.5,0.47853107344632767,0.6310734463276836,0.6457627118644068,0.5504356111559504
xquad,th_qcpg_0.5_aug,0.6,0.4353813559322034,0.5948093220338984,0.607521186440678,0.5112437365482918
xquad,th_qcpg_0.5_aug,0.7,0.40428713858424725,0.5633100697906281,0.5722831505483549,0.48079333428286586
xquad,th_qcpg_0.5_aug,0.8,0.3747645951035782,0.5371939736346516,0.544256120527307,0.45373154126685206
xquad,th_qcpg_0.5_aug,0.9,0.3479036574487065,0.5151650312221231,0.5191793041926851,0.4299173073927757
xquad,th_qcpg_0.5_aug,1.0,0.325,0.49957627118644066,0.49957627118644066,0.41134887005649723
xquad,th_qcpg_0.5_llm_gec_aug,0.1,0.6656394453004623,0.8397534668721109,0.8690292758089369,0.7422142123413312
xquad,th_qcpg_0.5_llm_gec_aug,0.2,0.6087570621468926,0.7740112994350282,0.7994350282485876,0.6827131535288318
xquad,th_qcpg_0.5_llm_gec_aug,0.3,0.5534550195567145,0.7177314211212517,0.7405475880052151,0.6288324434510878
xquad,th_qcpg_0.5_llm_gec_aug,0.4,0.5139225181598063,0.6700968523002422,0.6900726392251816,0.5868761770244822
xquad,th_qcpg_0.5_llm_gec_aug,0.5,0.4774011299435028,0.632768361581921,0.6485875706214689,0.5508044121603445
xquad,th_qcpg_0.5_llm_gec_aug,0.6,0.4343220338983051,0.5958686440677966,0.6091101694915254,0.5117374562819479
xquad,th_qcpg_0.5_llm_gec_aug,0.7,0.4047856430707876,0.56580259222333,0.5757726819541376,0.482361051765339
xquad,th_qcpg_0.5_llm_gec_aug,0.8,0.3790018832391714,0.5386064030131826,0.5461393596986818,0.45665130929961445
xquad,th_qcpg_0.5_llm_gec_aug,0.9,0.3447814451382694,0.516057091882248,0.5214094558429974,0.428829488976679
xquad,th_qcpg_0.5_llm_gec_aug,1.0,0.32161016949152543,0.498728813559322,0.5,0.40897296206618244
xquad,th_qcpg_0.8_aug,0.1,0.6653816499614496,0.8396299151888974,0.8681572860447185,0.7419438631273637
xquad,th_qcpg_0.8_aug,0.2,0.6141342756183745,0.7717314487632508,0.7964664310954064,0.6845995288574797
xquad,th_qcpg_0.8_aug,0.3,0.5681669928245271,0.7175472928897586,0.7403783431180692,0.6363720373994348
xquad,th_qcpg_0.8_aug,0.4,0.5296969696969697,0.6727272727272727,0.6921212121212121,0.5961592111592113
xquad,th_qcpg_0.8_aug,0.5,0.49321266968325794,0.630656108597285,0.6464932126696833,0.5578339348559939
xquad,th_qcpg_0.8_aug,0.6,0.4586426299045599,0.5949098621420997,0.6081654294803818,0.5237910080964164
xquad,th_qcpg_0.8_aug,0.7,0.4303544682975537,0.5671492760858712,0.5766350474288567,0.4958815744637014
xquad,th_qcpg_0.8_aug,0.8,0.4045261669024045,0.5412541254125413,0.5473833097595474,0.47039300868862405
xquad,th_qcpg_0.8_aug,0.9,0.37829388119696294,0.517641804376954,0.5212148280482358,0.44595730803859435
xquad,th_qcpg_0.8_aug,1.0,0.3534153585065762,0.5002121340687314,0.5002121340687314,0.42546315938339707
xquad,th_qcpg_0.8_llm_gec_aug,0.1,0.6661526599845798,0.8388589051657671,0.8673862760215882,0.7418933803282303
xquad,th_qcpg_0.8_llm_gec_aug,0.2,0.6148409893992933,0.773851590106007,0.7985865724381626,0.6852364125862361
xquad,th_qcpg_0.8_llm_gec_aug,0.3,0.5655577299412916,0.7175472928897586,0.7390737116764514,0.6341632238892516
xquad,th_qcpg_0.8_llm_gec_aug,0.4,0.5196850393700787,0.6711084191399153,0.6898849182313749,0.5890345437589535
xquad,th_qcpg_0.8_llm_gec_aug,0.5,0.48558507631430187,0.6302996042962126,0.647823629169022,0.5527394187371578
xquad,th_qcpg_0.8_llm_gec_aug,0.6,0.4533404029692471,0.5959703075291622,0.6092258748674443,0.5199256425794074
xquad,th_qcpg_0.8_llm_gec_aug,0.7,0.4291417165668663,0.5653692614770459,0.5768463073852296,0.49356663656813377
xquad,th_qcpg_0.8_llm_gec_aug,0.8,0.40339302544769085,0.5400565504241281,0.5475966069745523,0.46849576619840544
xquad,th_qcpg_0.8_llm_gec_aug,0.9,0.37589285714285714,0.5151785714285714,0.5196428571428572,0.442746598639456
xquad,th_qcpg_0.8_llm_gec_aug,1.0,0.3532654792196777,0.5,0.5004240882103478,0.4248586372632176
xquad,th_thai2fit_aug,0.1,0.6705698672911787,0.8477751756440282,0.8782201405152225,0.748253782387272
xquad,th_thai2fit_aug,0.2,0.6232827187274042,0.789587852494577,0.8170643528561099,0.6963820886272082
xquad,th_thai2fit_aug,0.3,0.5831649831649832,0.7393939393939394,0.762962962962963,0.652830687830688
xquad,th_thai2fit_aug,0.4,0.5513547574039067,0.700693131695022,0.718336483931947,0.6179259059221254
xquad,th_thai2fit_aug,0.5,0.5198342214328004,0.6642984014209592,0.6767317939609236,0.5845407257041362
xquad,th_thai2fit_aug,0.6,0.496929089893914,0.6303740926856505,0.6398659966499163,0.5571581452234721
xquad,th_thai2fit_aug,0.7,0.4659270998415214,0.5979926043317485,0.6064447966191231,0.5265772394536263
xquad,th_thai2fit_aug,0.8,0.44260651629072684,0.5699248120300752,0.5764411027568922,0.5013183753033379
xquad,th_thai2fit_aug,0.9,0.4144015259895088,0.5445875059608966,0.5507868383404864,0.47510578225885824
xquad,th_thai2fit_aug,1.0,0.39290586630286495,0.5243292405638926,0.5288767621646203,0.45508672773338543
xquad,th_thai2trans_aug,0.1,0.6711041503523885,0.8472983555207517,0.8778386844166014,0.7481504269679684
xquad,th_thai2trans_aug,0.2,0.6266375545851528,0.7889374090247453,0.8173216885007278,0.6977594094406324
xquad,th_thai2trans_aug,0.3,0.5855978260869565,0.7377717391304348,0.764266304347826,0.6524941770186338
xquad,th_thai2trans_aug,0.4,0.5513065646908859,0.6947100063734863,0.7195666029318037,0.6144920938419984
xquad,th_thai2trans_aug,0.5,0.5230953809238152,0.6580683863227355,0.6808638272345531,0.582491358871083
xquad,th_thai2trans_aug,0.6,0.49829931972789115,0.6286848072562359,0.6490929705215419,0.5563323345211102
xquad,th_thai2trans_aug,0.7,0.4755507791509941,0.599677592692101,0.6174099946265449,0.5313762868572112
xquad,th_thai2trans_aug,0.8,0.45278203164880043,0.5758039816232772,0.5911179173047473,0.5084814085579783
xquad,th_thai2trans_aug,0.9,0.4353112840466926,0.5530155642023347,0.5651750972762646,0.4886935643258602
xquad,th_thai2trans_aug,1.0,0.4117920148560817,0.531569173630455,0.542246982358403,0.46679488880046
xquad,th_wordnet_aug,0.1,0.6795886075949367,0.8560126582278481,0.8868670886075949,0.7565702230259194
xquad,th_wordnet_aug,0.2,0.6412157153446998,0.8080059303187547,0.8354336545589326,0.7143692564745198
xquad,th_wordnet_aug,0.3,0.6094839609483961,0.7663877266387726,0.7887029288702929,0.6784659958823142
xquad,th_wordnet_aug,0.4,0.5780118499012509,0.7254772876892692,0.7465437788018433,0.6432215743440235
xquad,th_wordnet_aug,0.5,0.5498753117206983,0.6913965087281796,0.7100997506234414,0.6126313680085502
xquad,th_wordnet_aug,0.6,0.5266587677725119,0.6605450236966824,0.6771327014218009,0.5861908053110662
xquad,th_wordnet_aug,0.7,0.5025380710659898,0.6311336717428088,0.6463620981387479,0.560140422027055
xquad,th_wordnet_aug,0.8,0.4773950484391819,0.604951560818084,0.6184068891280947,0.5348813368189043
xquad,th_wordnet_aug,0.9,0.45856922285126095,0.5815748841996912,0.5928975810602162,0.5143320752559045
xquad,th_wordnet_aug,1.0,0.4368836291913215,0.5611439842209073,0.5714990138067061,0.4940849926426851
tydiqa,,0.0,0.3526420517355737,0.6026973247844352,0.691797479548972,0.459322720907951
tydiqa,th_aug,0.1,0.3312537733950493,0.5632924129603541,0.6401690480982088,0.43189257523630553
tydiqa,th_aug,0.2,0.3170821791320406,0.5364727608494921,0.5998153277931672,0.4135706957452103
tydiqa,th_aug,0.3,0.30740361651313547,0.5146707608324804,0.5684066871374958,0.4000484015965077
tydiqa,th_aug,0.4,0.2985098287888396,0.49714648065948003,0.541851616994293,0.3891475677144666
tydiqa,th_aug,0.5,0.29533678756476683,0.4888230940044411,0.5247964470762398,0.3852339830578172
tydiqa,th_aug,0.6,0.2942646854603527,0.4874323010692959,0.513678655742258,0.3849375527649379
tydiqa,th_aug,0.7,0.29161762782790634,0.48450372695174576,0.5042500326925592,0.38361931538667543
tydiqa,th_aug,0.8,0.2916975537435137,0.4867803311094638,0.5004941932295528,0.385488564917772
tydiqa,th_aug,0.9,0.29180327868852457,0.4925058548009368,0.5007025761124122,0.3888800137541357
tydiqa,th_aug,1.0,0.2926449315678202,0.4960498497830199,0.5000556359185491,0.39209232559905766
tydiqa,th_fasttext_aug,0.1,0.34352373290426386,0.579847144006436,0.6532582461786002,0.4465127731167543
tydiqa,th_fasttext_aug,0.2,0.3359158826784726,0.5607821435159565,0.6220254565578307,0.43599684355079976
tydiqa,th_fasttext_aug,0.3,0.32890478623743824,0.546244251405212,0.5958099131323454,0.4276262392767245
tydiqa,th_fasttext_aug,0.4,0.3235759493670886,0.5337025316455696,0.5738924050632911,0.42049339461523016
tydiqa,th_fasttext_aug,0.5,0.3192023633677991,0.5258493353028065,0.5579025110782866,0.41622916227052137
tydiqa,th_fasttext_aug,0.6,0.31264718105000694,0.5164150159301842,0.5405180772960244,0.4096741513246571
tydiqa,th_fasttext_aug,0.7,0.3073813249869588,0.5091288471570161,0.5273865414710485,0.40455236563413416
tydiqa,th_fasttext_aug,0.8,0.3040157674304016,0.5062823355506282,0.5178615422517862,0.40235343172335075
tydiqa,th_fasttext_aug,0.9,0.2978872417415665,0.5026263569510914,0.5084627057312945,0.39816386614565696
tydiqa,th_fasttext_aug,1.0,0.29078407452589555,0.49695020516801597,0.4985028279915715,0.3927149511240673
tydiqa,th_llm_gec_aug,0.1,0.333668746226605,0.564499899376132,0.6405715435701348,0.43377120687947734
tydiqa,th_llm_gec_aug,0.2,0.31979320531757754,0.5352658788774003,0.5998892171344166,0.4152492028322893
tydiqa,th_llm_gec_aug,0.3,0.3090567968616749,0.5150946614361248,0.5684803001876173,0.40176029932127416
tydiqa,th_llm_gec_aug,0.4,0.3004754358161648,0.4988906497622821,0.5431061806656101,0.3916522023495077
tydiqa,th_llm_gec_aug,0.5,0.2959893443836022,0.4906023383158206,0.5252330916087021,0.3867123101028679
tydiqa,th_llm_gec_aug,0.6,0.2902554136590783,0.4862576346474181,0.5123542476401999,0.38287453839577656
tydiqa,th_llm_gec_aug,0.7,0.2881976212259835,0.4867337602927722,0.5062083387792445,0.38290813733239576
tydiqa,th_llm_gec_aug,0.8,0.2908125463077303,0.4895035811311435,0.5019757964929612,0.38634176771062434
tydiqa,th_llm_gec_aug,0.9,0.29046225863077824,0.49315389116442365,0.5000585137507314,0.38856316234315075
tydiqa,th_llm_gec_aug,1.0,0.2920373665480427,0.4973309608540925,0.5,0.3923007841185111
tydiqa,th_llm_paraphrase_aug,0.1,0.33521013472752864,0.565252362758898,0.6420671626784638,0.4352440480180268
tydiqa,th_llm_paraphrase_aug,0.2,0.3200589970501475,0.5374262536873157,0.6019542772861357,0.41660740623683046
tydiqa,th_llm_paraphrase_aug,0.3,0.3105209397344229,0.5168539325842697,0.5703098399727613,0.40392468018872457
tydiqa,th_llm_paraphrase_aug,0.4,0.3041897233201581,0.5018181818181818,0.5459288537549407,0.3949572118702552
tydiqa,th_llm_paraphrase_aug,0.5,0.29608856088560886,0.49328413284132844,0.5269372693726937,0.38784993849938476
tydiqa,th_llm_paraphrase_aug,0.6,0.29283144201494604,0.4892056462773319,0.5143924716302242,0.3854953892249768
tydiqa,th_llm_paraphrase_aug,0.7,0.29168837936425224,0.48853569567483063,0.5074257425742574,0.3858065129821252
tydiqa,th_llm_paraphrase_aug,0.8,0.28928263811984745,0.48960255937000124,0.5016611295681063,0.3858655549500879
tydiqa,th_llm_paraphrase_aug,0.9,0.2883292526524426,0.49049784306867206,0.4976098869068439,0.3866098609977589
tydiqa,th_llm_paraphrase_aug,1.0,0.2875498449268941,0.4946832077979619,0.49811696942844486,0.38907675239642453
tydiqa,th_ltw2v_aug,0.1,0.3390209222019094,0.5750558602478164,0.6536664635384928,0.44091501181689996
tydiqa,th_ltw2v_aug,0.2,0.3298891602479805,0.5622769115160624,0.628780762727785,0.4318063420496252
tydiqa,th_ltw2v_aug,0.3,0.3239559671500961,0.5484885549536956,0.6044032849903896,0.423909024848217
tydiqa,th_ltw2v_aug,0.4,0.31879797484893024,0.535848440307039,0.5835374816266536,0.417250271549634
tydiqa,th_ltw2v_aug,0.5,0.31488578874750883,0.5253717614594512,0.5646175072819255,0.4115004538276036
tydiqa,th_ltw2v_aug,0.6,0.3135923732485916,0.5195724396937744,0.5509172324136935,0.4090367053461088
tydiqa,th_ltw2v_aug,0.7,0.3101188037689471,0.5129045473166735,0.5373480813874095,0.4054434928871637
tydiqa,th_ltw2v_aug,0.8,0.30532176615304935,0.5052440761362165,0.5245370969830376,0.40044178489730775
tydiqa,th_ltw2v_aug,0.9,0.30308999138249415,0.5005539825187738,0.5145882063277114,0.398101217589092
tydiqa,th_ltw2v_aug,1.0,0.29997653683716563,0.4958939465039887,0.5045753167526983,0.39516523839318335
tydiqa,th_qcpg_0.2_aug,0.1,0.3318592964824121,0.5622110552763819,0.6385929648241206,0.4322721544229075
tydiqa,th_qcpg_0.2_aug,0.2,0.32190897365026716,0.538971807628524,0.6010687304219643,0.41846214255003567
tydiqa,th_qcpg_0.2_aug,0.3,0.31399897941826843,0.5233883313488689,0.5739071270624256,0.4084200692807594
tydiqa,th_qcpg_0.2_aug,0.4,0.3034275785815827,0.5098720581266782,0.5509398199336598,0.39836293070379275
tydiqa,th_qcpg_0.2_aug,0.5,0.2993808962264151,0.5028007075471698,0.5347877358490566,0.39436571110362395
tydiqa,th_qcpg_0.2_aug,0.6,0.29505251520176895,0.49695964621337757,0.5207296849087893,0.39064548290294554
tydiqa,th_qcpg_0.2_aug,0.7,0.29019250780437045,0.4954474505723205,0.5126170655567117,0.38856664891069165
tydiqa,th_qcpg_0.2_aug,0.8,0.2885749385749386,0.49447174447174447,0.5058968058968059,0.3885143422643423
tydiqa,th_qcpg_0.2_aug,0.9,0.2884078212290503,0.49441340782122906,0.5006983240223464,0.38957871478821227
tydiqa,th_qcpg_0.2_aug,1.0,0.28745163073521285,0.4967385295743505,0.49850746268656715,0.391057762334711
tydiqa,th_qcpg_0.2_llm_gec_aug,0.1,0.33326633165829145,0.5646231155778895,0.6404020100502512,0.4341792294807362
tydiqa,th_qcpg_0.2_llm_gec_aug,0.2,0.3255942509673853,0.5419200294822185,0.6042012161415147,0.42159821117808877
tydiqa,th_qcpg_0.2_llm_gec_aug,0.3,0.31535975506038444,0.5215172648409594,0.5732267392413676,0.40835959036333197
tydiqa,th_qcpg_0.2_llm_gec_aug,0.4,0.30785026062233456,0.5097141051966514,0.5496761964934449,0.40062729877924924
tydiqa,th_qcpg_0.2_llm_gec_aug,0.5,0.30365566037735847,0.5020636792452831,0.5339033018867925,0.3966597994347107
tydiqa,th_qcpg_0.2_llm_gec_aug,0.6,0.2967108899944721,0.4986180210060807,0.5210060807075733,0.3923820601577651
tydiqa,th_qcpg_0.2_llm_gec_aug,0.7,0.29019250780437045,0.49427679500520294,0.5114464099895941,0.3887765204069836
tydiqa,th_qcpg_0.2_llm_gec_aug,0.8,0.2882063882063882,0.49275184275184275,0.5036855036855037,0.3883192445692446
tydiqa,th_qcpg_0.2_llm_gec_aug,0.9,0.2875931098696462,0.49394785847299816,0.500465549348231,0.38940575027341795
tydiqa,th_qcpg_0.2_llm_gec_aug,1.0,0.2860143725815368,0.49662797125483693,0.4986180210060807,0.3906625163424501
tydiqa,th_qcpg_0.5_aug,0.1,0.3320603015075377,0.5628140703517588,0.6391959798994975,0.4323056552604283
tydiqa,th_qcpg_0.5_aug,0.2,0.3204348627234199,0.5382347521651004,0.5999631472268289,0.41666337624049005
tydiqa,th_qcpg_0.5_aug,0.3,0.3124681068208879,0.5221976526620173,0.5732267392413676,0.40747569368508263
tydiqa,th_qcpg_0.5_aug,0.4,0.30611277839203915,0.5119254462170273,0.5510977728636867,0.4007072154402747
tydiqa,th_qcpg_0.5_aug,0.5,0.29971988795518206,0.502874834144184,0.5351614329942503,0.3950973371804861
tydiqa,th_qcpg_0.5_aug,0.6,0.2945404284727021,0.49841050449205254,0.5214927436074637,0.391438498919494
tydiqa,th_qcpg_0.5_aug,0.7,0.2914010667360479,0.4969428905945102,0.5135943801222844,0.3901904059833032
tydiqa,th_qcpg_0.5_aug,0.8,0.2916820248187738,0.4961297456690011,0.5068190195355695,0.39107584099290715
tydiqa,th_qcpg_0.5_aug,0.9,0.29030380630892794,0.49447095797928065,0.4995925969037365,0.3905361923607763
tydiqa,th_qcpg_0.5_aug,1.0,0.29024767801857587,0.4970145953118089,0.4982308712958868,0.39262841101352836
tydiqa,th_qcpg_0.5_llm_gec_aug,0.1,0.33306532663316585,0.5648241206030151,0.6420100502512562,0.43388601738852905
tydiqa,th_qcpg_0.5_llm_gec_aug,0.2,0.3196978072599963,0.5421042933480744,0.6045697438732265,0.4183342546526619
tydiqa,th_qcpg_0.5_llm_gec_aug,0.3,0.3126382037761524,0.5242388161251914,0.5747576118387481,0.4086097408856377
tydiqa,th_qcpg_0.5_llm_gec_aug,0.4,0.30295371979150215,0.5112936344969199,0.5517295845837941,0.39877661694910127
tydiqa,th_qcpg_0.5_llm_gec_aug,0.5,0.298687896211116,0.5033171163202123,0.5341294412501842,0.39446550550044546
tydiqa,th_qcpg_0.5_llm_gec_aug,0.6,0.2945404284727021,0.4986869384934347,0.5217691776088459,0.3913814569827007
tydiqa,th_qcpg_0.5_llm_gec_aug,0.7,0.2894497203070118,0.49590217249902435,0.5130740210745415,0.3888853785302333
tydiqa,th_qcpg_0.5_llm_gec_aug,0.8,0.2841872465904902,0.4939181717655732,0.5044845804152844,0.38631642278896233
tydiqa,th_qcpg_0.5_llm_gec_aug,0.9,0.28331975323012454,0.4934233500174601,0.49982539867302994,0.3868676706704876
tydiqa,th_qcpg_0.5_llm_gec_aug,1.0,0.2810703228659885,0.49646174259177356,0.49800973020787265,0.38776734377961714
tydiqa,th_qcpg_0.8_aug,0.1,0.33775633293124246,0.5683554483313229,0.643546441495778,0.4376125694883226
tydiqa,th_qcpg_0.8_aug,0.2,0.32460829493087556,0.5399078341013824,0.6031336405529953,0.42000226757369563
tydiqa,th_qcpg_0.8_aug,0.3,0.3156909462219197,0.519571136827774,0.5713070115724983,0.40778840751185835
tydiqa,th_qcpg_0.8_aug,0.4,0.31120594278489017,0.5089299826141931,0.5501817607080765,0.4020972727113074
tydiqa,th_qcpg_0.8_aug,0.5,0.30687518442018297,0.501032753024491,0.5334907052227795,0.3976794086376558
tydiqa,th_qcpg_0.8_aug,0.6,0.30336146078295756,0.49647254115368655,0.5212339189376124,0.39483775665474397
tydiqa,th_qcpg_0.8_aug,0.7,0.29934895833333336,0.49440104166666665,0.5109375,0.39271623883928597
tydiqa,th_qcpg_0.8_aug,0.8,0.2988562292460952,0.49415816012790553,0.5053498954618129,0.3935030639156824
tydiqa,th_qcpg_0.8_aug,0.9,0.29713353530645537,0.4946399440689816,0.5006991377301329,0.3936390951160237
tydiqa,th_qcpg_0.8_aug,1.0,0.2951073721496569,0.49690059774186407,0.4985609918087226,0.39441150011772125
tydiqa,th_qcpg_0.8_llm_gec_aug,0.1,0.33896260554885405,0.5667470848411741,0.6417370325693607,0.4376906740447144
tydiqa,th_qcpg_0.8_llm_gec_aug,0.2,0.3255299539170507,0.5391705069124424,0.6014746543778802,0.4199528929851505
tydiqa,th_qcpg_0.8_llm_gec_aug,0.3,0.31722260040844114,0.5190605854322669,0.5697753573859768,0.4082334516515928
tydiqa,th_qcpg_0.8_llm_gec_aug,0.4,0.31152204836415365,0.5082977714556662,0.5486012328117591,0.40196399406925687
tydiqa,th_qcpg_0.8_llm_gec_aug,0.5,0.3080554735910298,0.5,0.5318678076128651,0.39752139274122156
tydiqa,th_qcpg_0.8_llm_gec_aug,0.6,0.3025314704661779,0.49730253147046616,0.5209572554986859,0.39445514868464104
tydiqa,th_qcpg_0.8_llm_gec_aug,0.7,0.30104166666666665,0.4953125,0.51171875,0.393789424189815
tydiqa,th_qcpg_0.8_llm_gec_aug,0.8,0.3008240068872217,0.49403517402533514,0.50448899274382,0.39395781967113913
tydiqa,th_qcpg_0.8_llm_gec_aug,0.9,0.29794919599161035,0.4954556047541366,0.5010487065951993,0.3942771507733055
tydiqa,th_qcpg_0.8_llm_gec_aug,1.0,0.2992361341746928,0.496623491641758,0.49850547990700766,0.3964971910754044
tydiqa,th_thai2fit_aug,0.1,0.340024580090127,0.5778369520688242,0.6544448996312986,0.44205894019494907
tydiqa,th_thai2fit_aug,0.2,0.32983594048073256,0.5621900038153377,0.628195345288058,0.43084889748853794
tydiqa,th_thai2fit_aug,0.3,0.32488397001071045,0.5512317029632274,0.6092466976079971,0.4247145293914297
tydiqa,th_thai2fit_aug,0.4,0.3220936084549572,0.5455460493205838,0.5952021472907231,0.4218455676180883
tydiqa,th_thai2fit_aug,0.5,0.31956968834045246,0.5420028476506882,0.5839265938933713,0.419888354012701
tydiqa,th_thai2fit_aug,0.6,0.31701841041760215,0.5374943870678042,0.5731177967370155,0.4176742028448357
tydiqa,th_thai2fit_aug,0.7,0.31022727272727274,0.5285511363636364,0.5583806818181818,0.411128866792929
tydiqa,th_thai2fit_aug,0.8,0.30689189189189187,0.5212162162162162,0.5458108108108108,0.40718506006006006
tydiqa,th_thai2fit_aug,0.9,0.30103092783505153,0.5140463917525773,0.5326030927835051,0.40177594706267367
tydiqa,th_thai2fit_aug,1.0,0.29211822660098524,0.5036945812807881,0.5176108374384236,0.39311058331378523
tydiqa,th_thai2trans_aug,0.1,0.3332650133224021,0.5714285714285714,0.652592744414839,0.4356100976976147
tydiqa,th_thai2trans_aug,0.2,0.32238349885408707,0.5521390374331551,0.6245225362872422,0.4217640086337555
tydiqa,th_thai2trans_aug,0.3,0.3096728052923297,0.5349544072948328,0.6003933488288933,0.4078486004330802
tydiqa,th_thai2trans_aug,0.4,0.30134453781512605,0.5247058823529411,0.5823529411764706,0.3993280645591563
tydiqa,th_thai2trans_aug,0.5,0.29459330902172187,0.5132392579673378,0.5647693039479943,0.39144588653071233
tydiqa,th_thai2trans_aug,0.6,0.29081632653061223,0.5025510204081632,0.5496698679471789,0.38550187932315744
tydiqa,th_thai2trans_aug,0.7,0.286996154393961,0.4969377581541091,0.5385272753169065,0.3814124519864441
tydiqa,th_thai2trans_aug,0.8,0.28476551911087017,0.49146110056925996,0.527378693412849,0.3784661714148024
tydiqa,th_thai2trans_aug,0.9,0.28274078862314156,0.4881706528765352,0.5190691661279897,0.37662972881460266
tydiqa,th_thai2trans_aug,1.0,0.2787938704893722,0.481463173504696,0.5082797825012358,0.37234045579015934
tydiqa,th_wordnet_aug,0.1,0.3394015484410965,0.5783636744088722,0.6614354467461812,0.44183323535175284
tydiqa,th_wordnet_aug,0.2,0.33260524225575855,0.5651310563939634,0.6393963463065926,0.43309410340784354
tydiqa,th_wordnet_aug,0.3,0.32457963347817875,0.5537502361609673,0.6215756659739279,0.4248574787305175
tydiqa,th_wordnet_aug,0.4,0.31801801801801804,0.5443243243243243,0.6048648648648649,0.41790955240955135
tydiqa,th_wordnet_aug,0.5,0.31272602032030306,0.5367659721026348,0.5896332013087653,0.4123725197558493
tydiqa,th_wordnet_aug,0.6,0.30892297542470726,0.5281213920501402,0.5747979548078509,0.4072886150446754
tydiqa,th_wordnet_aug,0.7,0.30632911392405066,0.5223101265822785,0.5628164556962025,0.4037898709061677
tydiqa,th_wordnet_aug,0.8,0.30469819066443665,0.5163448380720693,0.552227459327961,0.40085857159750987
tydiqa,th_wordnet_aug,0.9,0.30187298800117063,0.514486391571554,0.5456540825285338,0.3991859679195056
tydiqa,th_wordnet_aug,1.0,0.2996756451840361,0.5136087998871809,0.5420956141587928,0.3984471709052161
