"Name","test_exact_match","test_f1","Runtime","Notes","State","Tags","eval/loss","eval/runtime","eval/samples_per_second","eval/steps_per_second","test_tydiqa_exact_match","test_tydiqa_f1","test_xquad_exact_match","test_xquad_f1","train/epoch","train/global_step","train/learning_rate","train/loss","train/total_flos","train/train_loss","train/train_runtime","train/train_samples_per_second","train/train_steps_per_second","val_exact_match","val_f1"
"th_wordnet_aug_1.0","39.57566193231632","54.099859187434944","3011","-","finished","","2.3645248413085938","5.105","441.916","3.526","41.25580367013045","55.74421846574096","33.13559322033898","47.796946462200694","20","5640","0","0.1326","76607636381752320","0.790638661891856","2867.3967","125.842","1.967","51.32978723404256","62.94772364822569"
"th_wordnet_aug_0.9","40.29458179905313","54.295753500804","2871","-","finished","","2.3579392433166504","5.1034","442.058","3.527","42.029626354189695","56.117114543262325","33.644067796610166","47.31438401348409","20","5360","0","0.162","72777679169894400","0.8366832121094661","2727.1321","125.7","1.965","49.37943262411348","61.372919459446265"
"th_wordnet_aug_0.8","38.99701911274768","53.88952435492969","2732","-","finished","","2.198472023010254","5.1039","442.015","3.527","40.79151005969489","55.70930222018963","32.11864406779661","46.914223266311765","20","5080","0","0.1241","68947721958036480","0.8417386922310657","2589.0343","125.437","1.962","49.645390070921984","61.39051870376187"
"th_wordnet_aug_0.7","40.52253200070138","54.269615450114834","2596","-","finished","","2.1720616817474365","5.1066","441.779","3.525","42.383373866902495","55.979663338140526","33.389830508474574","47.714914943725866","20","4800","0","0.175","65117764746178560","0.9066738764444988","2455.6063","124.906","1.955","50.97517730496454","61.95226555697708"
"th_wordnet_aug_0.6","37.033140452393475","52.97521277731256","2459","-","finished","","2.220396041870117","5.1042","441.99","3.527","38.64691576387354","54.798005954958946","30.847457627118644","45.988353842996474","20","4520","0","0.1403","61287807534320640","0.8453334960262332","2320.3382","124.413","1.948","50.487588652482266","62.22577786710621"
"th_wordnet_aug_0.5","37.87480273540242","52.67271866328295","2313","-","finished","","2.052334785461426","5.1119","441.321","3.521","39.44284766747734","54.57812792516821","31.864406779661017","45.36918807726124","19.95","4220","0","0.1229","57318791454737280","0.8623299661970817","2175.7934","124.378","1.94","49.68971631205674","61.418747920446755"
"th_wordnet_aug_0.4","39.7334736103805","53.050482220022474","2174","-","finished","","2.08445143699646","5.1134","441.19","3.52","41.34424054830865","54.68818485928574","33.559322033898304","46.77308473071186","19.95","3940","0","0.1738","53490108064568450","0.9039631432083052","2038.8332","123.885","1.932","50.66489361702128","62.222471255391206"
"th_wordnet_aug_0.3","38.80413817289146","53.735710014547344","2029","-","finished","","1.9650814533233645","5.1116","441.35","3.521","40.30510722971479","55.22083244163761","33.05084745762712","48.04316023681207","19.95","3660","0","0.2114","49661424674399620","0.9769111987671566","1900.2045","123.429","1.926","51.1081560283688","62.65233162355808"
"th_wordnet_aug_0.2","38.90934595826758","53.22635952523095","1896","-","finished","","1.9280798435211184","5.1099","441.497","3.523","40.50409020561574","55.076440719694894","32.79661016949152","46.13490423492656","19.94","3380","0","0.2209","45832741284230780","1.0091659907053208","1763.6275","122.758","1.917","49.645390070921984","61.36447665722548"
"th_wordnet_aug_0.1","37.78712958092232","52.77338761126321","1754","-","finished","","1.8606374263763428","5.1073","441.717","3.524","39.35441078929914","54.51221181962627","31.779661016949152","46.10838600581874","19.94","3100","0","0.2612","42004057894061950","1.084156430152155","1625.0496","122.126","1.908","50.22163120567376","62.11938126070777"
"th_thai2fit_aug_1.0","40.25951253726109","54.03418840730381","3010","-","finished","","2.446249723434448","5.1154","441.019","3.519","42.206500110546095","56.134348881598946","32.79661016949152","45.98416652151102","20","5640","0","0.117","76607636381752320","0.7658869391637491","2864.651","125.963","1.969","51.241134751773046","63.066269651080184"
"th_thai2fit_aug_0.9","39.27757320708399","54.140240136815024","2874","-","finished","","2.3396105766296387","5.1968","434.112","3.464","41.25580367013045","55.98570800825234","31.694915254237287","47.06646794824761","20","5360","0","0.1185","72777679169894400","0.7817087835340357","2727.7166","125.673","1.965","49.069148936170215","61.43474549604803"
"th_thai2fit_aug_0.8","39.89128528844468","54.07181885425611","2733","-","finished","","2.329728841781616","5.1075","441.704","3.524","41.808534158744195","55.763574429471085","32.54237288135593","47.58723371298799","20","5080","0","0.1489","68947721958036480","0.8231127956720787","2588.7546","125.45","1.962","51.019503546099294","62.515039759642434"
"th_thai2fit_aug_0.7","38.926880589163595","52.66348351027905","2591","-","finished","","2.2074825763702393","5.1073","441.723","3.524","40.99049303559585","54.69423783611792","31.016949152542377","44.87949892064527","20","4800","0","0.185","65117764746178560","0.8691164517402649","2451.0303","125.139","1.958","47.82801418439716","60.0929957971964"
"th_thai2fit_aug_0.6","35.963527967736276","51.00455204875664","2469","-","finished","","2.222698211669922","5.1095","441.527","3.523","37.49723634755693","52.7785427570084","30.084745762711865","44.204755461111425","20","4520","0","0.1614","61287807534320640","0.8628424610711832","2311.8928","124.867","1.955","47.6063829787234","60.133547440018134"
"th_thai2fit_aug_0.5","37.45397159389795","52.38634166633996","2330","-","finished","","2.100088596343994","5.1055","441.876","3.526","38.86800795931904","53.86433387446696","32.03389830508475","46.72112238044442","19.95","4220","0","0.1687","57318791454737280","0.918118975851773","2185.0366","123.851","1.931","49.02482269503546","60.662024407790696"
"th_thai2fit_aug_0.4","39.31264246887603","52.98734060370014","2360","-","finished","","2.0987534523010254","5.477","411.904","3.286","41.189476011496794","54.91474874640908","32.11864406779661","45.59948718889398","19.95","3940","0","0.166","53490108064568450","0.8930754453397645","2211.8567","114.194","1.781","49.46808510638298","60.788880508273344"
"th_thai2fit_aug_0.3","35.314746624583556","51.46963318202324","2124","-","finished","","2.0213987827301025","5.4142","416.686","3.325","36.30333849215123","52.78943197211207","31.52542372881356","46.41077731120108","19.95","3660","0","0.1903","49661424674399620","0.9396875965139252","1987.3246","118.018","1.842","48.537234042553195","60.88179053668403"
"th_thai2fit_aug_0.2","39.26003857618797","53.963585874951754","2031","-","finished","","1.9580532312393188","5.5014","410.075","3.272","40.99049303559585","55.73827605013125","32.6271186440678","47.16110819500649","19.94","3380","0","0.2072","45832741284230780","0.985700074596518","1893.4375","114.342","1.785","50.576241134751776","62.21471128876619"
"th_thai2fit_aug_0.1","37.55917937927406","52.70212620136714","1802","-","finished","","1.9015930891036987","5.5389","407.304","3.25","39.28808313066549","54.497833905793605","30.93220338983051","45.81908726313015","19.94","3100","0","0.3116","42004057894061950","1.0920927835279894","1667.7924","118.996","1.859","49.423758865248224","61.7047885526232"
"th_qcpg_0.8_llm_gec_aug_1.0","41.522005961774504","54.618646035104575","3069","-","finished","","2.2044131755828857","5.1064","441.794","3.525","43.24563342913995","56.07606796066041","34.91525423728814","49.03227368825049","20","5640","0","0.2336","76607636381752320","1.050790149607557","2923.5397","123.426","1.929","50.53191489361702","62.46740292109503"
"th_qcpg_0.8_llm_gec_aug_0.9","39.52305803962827","53.84363410742487","2884","-","finished","","2.2247838973999023","5.1236","440.313","3.513","41.101039133318594","55.30111509193982","33.47457627118644","48.25703538457775","20","5360","0","0.2468","72777679169894400","1.0644653619225346","2739.6727","125.124","1.956","51.2854609929078","62.16786623310408"
"th_qcpg_0.8_llm_gec_aug_0.8","39.92635455023672","53.54329082425685","2752","-","finished","","2.1119890213012695","5.1232","440.347","3.513","41.69798806102145","55.26694483367653","33.13559322033898","46.93643736272823","20","5080","0","0.2517","68947721958036480","1.1107536984240916","2601.5952","124.831","1.953","50.354609929078016","61.63791415903433"
"th_qcpg_0.8_llm_gec_aug_0.7","40.82062072593372","53.99837236852721","2605","-","finished","","2.0676472187042236","5.1181","440.791","3.517","42.604466062348","55.66667898294436","33.983050847457626","47.603668286317706","20","4800","0","0.2438","65117764746178560","1.0671143142382304","2463.5964","124.501","1.948","50.354609929078016","62.25904331524645"
"th_qcpg_0.8_llm_gec_aug_0.6","39.69840434858846","53.60920202613936","2464","-","finished","","2.1286489963531494","5.1392","438.981","3.503","41.233694450585894","55.19916274288205","33.813559322033896","47.51480175340566","20","4520","0","0.2574","61287807534320640","1.0932448277431253","2326.124","124.103","1.943","50.177304964539005","61.51322216346605"
"th_qcpg_0.8_llm_gec_aug_0.5","40.13677012098896","53.79824206784697","2320","-","finished","","1.994384765625","5.1454","438.451","3.498","41.74220650011055","55.41311823653116","33.983050847457626","47.60833960093419","19.95","4220","0","0.3077","57318791454737280","1.1202478002032965","2183.7479","123.925","1.932","50.75354609929078","62.45454349079984"
"th_qcpg_0.8_llm_gec_aug_0.4","40.78555146414168","53.85260483992772","2179","-","finished","","2.056347370147705","5.122","440.451","3.514","42.44970152553615","55.548296035307935","34.40677966101695","47.35293426645025","19.95","3940","0","0.2702","53490108064568450","1.1348234118543905","2044.3571","123.55","1.927","49.02482269503546","60.81648153644664"
"th_qcpg_0.8_llm_gec_aug_0.3","40.99596703489392","54.55461187980217","2040","-","finished","","1.8798319101333616","5.1214","440.503","3.515","42.427592305991595","56.07808080751321","35.50847457627118","48.7150780153653","19.95","3660","0","0.274","49661424674399620","1.1384821855305325","1905.8336","123.064","1.92","50.177304964539005","62.093691911041766"
"th_qcpg_0.8_llm_gec_aug_0.2","41.031036296685954","54.43473797029054","1899","-","finished","","1.8498293161392212","5.1227","440.391","3.514","43.02454123369445","56.095571153490305","33.389830508474574","48.06867992994219","19.94","3380","0","0.3023","45832741284230780","1.1790946689583142","1767.181","122.512","1.913","50.177304964539005","61.766258645169835"
"th_qcpg_0.8_llm_gec_aug_0.1","38.769068911099424","53.18110242152283","1764","-","finished","","1.794298768043518","5.1164","440.937","3.518","40.45987176652664","54.89206795409901","32.28813559322034","46.62288453691219","19.94","3100","0","0.2993","42004057894061950","1.1179069506737491","1630.5162","121.716","1.901","49.423758865248224","61.28019450357672"
"th_qcpg_0.8_aug_1.0","40.87322461862178","55.082222625587995","3024","-","finished","","2.1893091201782227","5.1171","440.871","3.518","42.27282776917975","56.45961683318973","35.50847457627118","49.802600590858155","20","5640","0","0.3048","76607636381752320","1.0994529927030523","2875.4967","125.488","1.961","50.709219858156025","62.67955542460534"
"th_qcpg_0.8_aug_0.9","40.31211642994915","54.09652898069225","2879","-","finished","","2.2043912410736084","5.1114","441.363","3.522","41.941189476011495","55.84124650601339","34.067796610169495","47.40893799168709","20","5360","0","0.2841","72777679169894400","1.0779070526806276","2735.8977","125.297","1.959","50","61.7217753238833"
"th_qcpg_0.8_aug_0.8","38.8392074346835","53.65714748926546","2738","-","finished","","2.23664927482605","5.1154","441.017","3.519","40.41565332743754","55.35359843663476","32.79661016949152","47.15456474778248","20","5080","0","0.2493","68947721958036480","1.1003258412278545","2597.5727","125.024","1.956","51.72872340425532","62.93933002866049"
"th_qcpg_0.8_aug_0.7","41.083640189374016","53.84896943877007","2599","-","finished","","2.1084954738616943","5.1179","440.807","3.517","42.6929029405262","55.39133127278576","34.91525423728814","47.93701810381112","20","4800","0","0.2611","65117764746178560","1.082823243935903","2460.1505","124.675","1.951","50.177304964539005","62.11302504540151"
"th_qcpg_0.8_aug_0.6","40.46992810801333","54.07860684111018","2484","-","finished","","2.076068162918091","5.1127","441.257","3.521","42.40548308644705","55.979649495179494","33.05084745762712","46.79181368487792","20","4520","0","0.2533","61287807534320640","1.0858021212890083","2347.7421","122.961","1.925","50.53191489361702","62.14844177396727"
"th_qcpg_0.8_aug_0.5","39.7334736103805","53.52306724935778","2318","-","finished","","2.08001971244812","5.1133","441.201","3.52","41.366349767853194","55.26229189887095","33.47457627118644","46.85653073262352","19.95","4220","0","0.2623","57318791454737280","1.0911545495851345","2177.9569","124.254","1.938","51.019503546099294","62.29724546996141"
"th_qcpg_0.8_aug_0.4","40.452393477117305","54.06194876294225","2182","-","finished","","1.890395998954773","5.116","440.966","3.518","42.427592305991595","56.017006406344855","32.88135593220339","46.568113406070616","19.95","3940","0","0.3073","53490108064568450","1.151207592765692","2041.96","123.695","1.93","49.645390070921984","61.8268586510139"
"th_qcpg_0.8_aug_0.3","36.64737857268104","51.599559259155185","2037","-","finished","","1.940618634223938","5.1153","441.033","3.519","38.116294494804336","53.319312708788345","31.016949152542377","45.00765684162208","19.95","3660","0","0.3326","49661424674399620","1.1529687923160408","1902.1635","123.302","1.924","47.783687943262414","59.841915279767306"
"th_qcpg_0.8_aug_0.2","40.75048220234964","54.25726471743789","1896","-","finished","","1.837939977645874","5.1203","440.601","3.515","42.44970152553615","56.03663730379242","34.23728813559322","47.43683911736991","19.94","3380","0","0.2927","45832741284230780","1.1296747354360728","1763.7014","122.753","1.916","49.11347517730496","60.98292075079469"
"th_qcpg_0.8_aug_0.1","39.29510783798001","53.43556899397902","1755","-","finished","","1.854871153831482","5.113","441.227","3.52","41.145257572407694","55.19147100136346","32.20338983050848","46.70510731652309","19.94","3100","0","0.2952","42004057894061950","1.1540326875255953","1625.4312","122.097","1.907","48.847517730496456","61.24817783670396"
"th_qcpg_0.5_llm_gec_aug_1.0","39.20743468349991","52.258787848301424","3005","-","finished","","2.307394504547119","5.1102","441.474","3.522","41.16736679195225","54.08105546983967","31.694915254237287","45.27394339727082","20","5640","0","0.3431","76607636381752320","1.211938694351954","2859.8974","126.172","1.972","49.645390070921984","61.2360424422377"
"th_qcpg_0.5_llm_gec_aug_0.9","38.68139575661933","53.05248227616665","2874","-","finished","","2.160224199295044","5.1075","441.7","3.524","40.26088879062569","54.64769338965897","32.6271186440678","46.93795696572237","20","5360","0","0.3387","72777679169894400","1.2327800380649852","2728.4683","125.638","1.964","49.60106382978723","61.51286848159177"
"th_qcpg_0.5_llm_gec_aug_0.8","39.10222689812379","52.67736131346575","2733","-","finished","","2.1501286029815674","5.1231","440.358","3.513","41.16736679195225","54.759529321358336","31.1864406779661","44.69630546626537","20","5080","0","0.4051","68947721958036480","1.3054452160211998","2591.1264","125.335","1.961","48.315602836879435","61.04138337066218"
"th_qcpg_0.5_llm_gec_aug_0.7","39.03208837453972","52.664353065937185","2596","-","finished","","2.1805949211120605","5.1246","440.23","3.512","40.61463630333849","54.31579229494537","32.96610169491525","46.33430252966384","20","4800","0","0.4039","65117764746178560","1.2627050002415976","2454.0737","124.984","1.956","49.645390070921984","60.85477322531456"
"th_qcpg_0.5_llm_gec_aug_0.6","39.80361213396458","53.28652549251227","2459","-","finished","","2.1100993156433105","5.1227","440.396","3.514","41.941189476011495","55.507279383627136","31.610169491525426","44.77426290818092","20","4520","0","0.3288","61287807534320640","1.1933754996915835","2318.9368","124.488","1.949","48.8918439716312","60.980133971585616"
"th_qcpg_0.5_llm_gec_aug_0.5","38.558653340347185","52.305740381054555","2311","-","finished","","2.0158536434173584","5.1146","441.087","3.519","40.41565332743754","54.34750241570754","31.440677966101696","44.479562683822294","19.95","4220","0","0.3283","57318791454737280","1.1948057924966675","2176.174","124.356","1.939","48.09397163120568","60.37547730308216"
"th_qcpg_0.5_llm_gec_aug_0.4","40.504997369805366","54.04773097309237","2174","-","finished","","2.043515205383301","5.1299","439.778","3.509","42.471810745080695","56.06170594597479","32.96610169491525","46.32806249652819","19.95","3940","0","0.3053","53490108064568450","1.1620286631705192","2039.2688","123.858","1.932","49.290780141843975","61.644279534247424"
"th_qcpg_0.5_llm_gec_aug_0.3","38.99701911274768","53.16410077103581","2037","-","finished","","1.8534283638000488","5.1242","440.268","3.513","40.70307318151669","54.88902631596923","32.45762711864407","46.55237344922896","19.95","3660","0","0.3591","49661424674399620","1.2658914169978577","1901.7861","123.326","1.925","50.22163120567376","61.770663383226015"
"th_qcpg_0.5_llm_gec_aug_0.2","39.189900052603896","52.95597420086017","1897","-","finished","","1.9289531707763672","5.1177","440.819","3.517","40.92416537696219","54.83108860065221","32.54237288135593","45.76856536165849","19.94","3380","0","0.3287","45832741284230780","1.186922217826166","1764.8223","122.675","1.915","48.8031914893617","60.732256765970824"
"th_qcpg_0.5_llm_gec_aug_0.1","37.33122917762581","52.498750194233814","1754","-","finished","","1.829999327659607","5.1166","440.918","3.518","39.02277249613088","54.355538740198945","30.847457627118644","45.38158528457371","19.94","3100","0","0.3146","42004057894061950","1.1554476793350712","1625.4201","122.098","1.907","49.423758865248224","61.28871969240541"
"th_qcpg_0.5_aug_1.0","39.61073119410836","53.27984005541485","3011","-","finished","","2.274449110031128","5.1169","440.889","3.518","41.56533274375415","55.01472739886809","32.11864406779661","46.629928653349225","20","5640","0","0.3083","76607636381752320","1.1829593347319474","2865.7286","125.916","1.968","49.68971631205674","61.245526523608554"
"th_qcpg_0.5_aug_0.9","37.944941258986496","52.41413989680807","2872","-","finished","","2.2317609786987305","5.1133","441.206","3.52","39.77448596064559","54.11153216909187","30.93220338983051","45.90794900906409","20","5360","0","0.3348","72777679169894400","1.1923244974506435","2728.7253","125.626","1.964","49.15780141843972","61.2495643726088"
"th_qcpg_0.5_aug_0.8","37.38383307031387","51.67019678153922","2732","-","finished","","2.2759451866149902","5.1071","441.741","3.525","38.86800795931904","53.15102284745474","31.694915254237287","45.99411517464598","20","5080","0","0.2872","68947721958036480","1.1563432303000625","2588.5927","125.458","1.962","48.8918439716312","60.835525659328844"
"th_qcpg_0.5_aug_0.7","40.11923549009293","53.4724373791587","2595","-","finished","","2.111384391784668","5.1058","441.851","3.525","41.720097280565994","54.98374529834942","33.983050847457626","47.67951727873675","20","4800","0","0.3177","65117764746178560","1.1897669490178426","2453.3392","125.021","1.957","49.645390070921984","61.112328242725674"
"th_qcpg_0.5_aug_0.6","38.733999649307385","52.90494090609299","2477","-","finished","","2.1134021282196045","5.1052","441.904","3.526","40.50409020561574","54.85701490368192","31.94915254237288","45.422542015336035","20","4520","0","0.313","61287807534320640","1.1918600487498054","2337.1237","123.519","1.934","49.955673758865245","61.052122997523526"
"th_qcpg_0.5_aug_0.5","38.1202875679467","52.54168617155021","2314","-","finished","","1.991658926010132","5.1042","441.992","3.527","39.99557815609109","54.461469767085575","30.93220338983051","45.18305803374941","19.95","4220","0","0.4041","57318791454737280","1.2189482901333633","2176.7207","124.325","1.939","48.847517730496456","60.71946783950076"
"th_qcpg_0.5_aug_0.4","38.78660354199544","53.61220810886523","2198","-","finished","","2.0160250663757324","5.1783","435.666","3.476","40.74729162060579","55.49476046775622","31.271186440677965","46.396289194236005","19.95","3940","0","0.4344","53490108064568450","1.2779340637516854","2062.8231","122.444","1.91","49.955673758865245","61.327890893745995"
"th_qcpg_0.5_aug_0.3","38.97948448185166","53.134610472203875","2026","-","finished","","1.896891951560974","5.1071","441.74","3.525","40.34932566880389","54.76642047717529","33.728813559322035","46.87979974975963","19.95","3660","0","0.3213","49661424674399620","1.166344623878354","1893.9439","123.837","1.932","49.02482269503546","61.22649660489935"
"th_qcpg_0.5_aug_0.2","39.08469226722777","53.603550078248254","1889","-","finished","","1.923831582069397","5.1034","442.057","3.527","40.63674552288304","55.20484581839022","33.13559322033898","47.46570208446815","19.94","3380","0","0.3043","45832741284230780","1.1711966723380005","1757.8547","123.161","1.923","49.955673758865245","61.395079423100185"
"th_qcpg_0.5_aug_0.1","38.6638611257233","53.19503638917991","1748","-","finished","","1.862087368965149","5.1108","441.422","3.522","40.06190581472474","54.719070730508186","33.30508474576271","47.353335265598474","19.94","3100","0","0.2918","42004057894061950","1.1960008165913243","1619.9006","122.514","1.914","49.512411347517734","61.99457239423985"
"th_qcpg_0.2_llm_gec_aug_1.0","40.22444327546905","53.68392187635623","3004","-","finished","","2.151963949203491","5.1093","441.551","3.523","42.18439089100155","55.46167702317717","32.71186440677966","46.86969600426337","20","5640","0","0.3479","76607636381752320","1.2102142022856583","2857.996","126.256","1.973","49.9113475177305","61.78694375405114"
"th_qcpg_0.2_llm_gec_aug_0.9","39.64580045590041","53.270392669789544","2866","-","finished","","2.1225738525390625","5.1153","441.026","3.519","41.38845898739775","55.042702483308645","32.96610169491525","46.47703903712421","20","5360","0","0.4318","72777679169894400","1.2819444983752806","2722.848","125.898","1.969","48.35992907801418","60.049362199706415"
"th_qcpg_0.2_llm_gec_aug_0.8","39.43538488514817","53.131966449983175","2727","-","finished","","2.244879961013794","5.1063","441.811","3.525","41.12314835286315","54.78014041183423","32.96610169491525","46.8144318487539","20","5080","0","0.3144","68947721958036480","1.2116380901787225","2583.9026","125.686","1.966","50.13297872340426","61.31155617968282"
"th_qcpg_0.2_llm_gec_aug_0.7","39.7334736103805","53.507503861697586","2586","-","finished","","2.110931634902954","5.1091","441.569","3.523","41.74220650011055","55.4320171346877","32.03389830508475","46.13074662972078","20","4800","0","0.3628","65117764746178560","1.2647745132446289","2445.0944","125.443","1.963","49.77836879432624","61.48574522635855"
"th_qcpg_0.2_llm_gec_aug_0.6","39.628265825004384","53.275983923835994","2449","-","finished","","2.1525065898895264","5.1079","441.669","3.524","41.56533274375415","55.215104092326925","32.20338983050848","45.84323771868117","20","4520","0","0.3028","61287807534320640","1.1658837208705666","2308.9429","125.027","1.958","48.67021276595744","60.82347008531112"
"th_qcpg_0.2_llm_gec_aug_0.5","39.680869717692445","53.40674035415083","2304","-","finished","","1.9914686679840088","5.1149","441.065","3.519","41.56533274375415","55.42870295232048","32.45762711864407","45.656454903710525","19.95","4220","0","0.431","57318791454737280","1.2857389441033675","2168.9162","124.772","1.946","49.15780141843972","60.78104485586495"
"th_qcpg_0.2_llm_gec_aug_0.4","39.014553743643695","53.583179034659864","2249","-","finished","","2.032087802886963","5.1141","441.134","3.52","40.32721644925934","55.0283217721929","33.983050847457626","48.04387343986304","19.95","3940","0","0.3405","53490108064568450","1.2724809966111543","2031.2281","124.348","1.94","49.822695035460995","61.58921555921721"
"th_qcpg_0.2_llm_gec_aug_0.3","36.80519025074522","51.37390396049564","2030","-","finished","","1.9330840110778809","5.1038","442.023","3.527","38.22684059252708","52.85230653223954","31.35593220338983","45.7071117299905","19.95","3660","0","0.4019","49661424674399620","1.2496364447588475","1898.6008","123.533","1.928","47.562056737588655","59.422696233038934"
"th_qcpg_0.2_llm_gec_aug_0.2","40.25951253726109","53.64381095577658","1888","-","finished","","1.903957486152649","5.1149","441.066","3.519","41.96329869555605","55.280243981684485","33.728813559322035","47.37127995901413","19.94","3380","0","0.2987","45832741284230780","1.1578381239309818","1758.4043","123.123","1.922","50.354609929078016","62.08007122710331"
"th_qcpg_0.2_llm_gec_aug_0.1","38.54111870945117","52.29605305052093","1753","-","finished","","1.869545817375183","5.1092","441.554","3.523","40.54830864470484","54.264072747431456","30.847457627118644","44.75253348346573","19.94","3100","0","0.3991","42004057894061950","1.234720580808578","1622.2768","122.334","1.911","48.27127659574468","60.00933909004292"
"th_qcpg_0.2_aug_1.0","38.22549535332281","52.62879286806504","3008","-","finished","","2.2761523723602295","5.1136","441.173","3.52","39.77448596064559","54.19637243859456","32.28813559322034","46.62018066679083","20","5640","0","0.3195","76607636381752320","1.2239029444701284","2859.4347","126.193","1.972","50.88652482269504","62.19630910709608"
"th_qcpg_0.2_aug_0.9","37.20848676135368","52.3838281480815","2861","-","finished","","2.186112403869629","5.1159","440.98","3.518","38.93433561795269","54.085060518962536","30.593220338983052","45.8629179671553","20","5360","0","0.3692","72777679169894400","1.2542426934882775","2721.5822","125.956","1.969","49.77836879432624","61.27020017801464"
"th_qcpg_0.2_aug_0.8","39.36524636156409","52.74439921936329","2724","-","finished","","2.2113096714019775","5.1042","441.992","3.527","41.454786646031394","54.64976862474417","31.35593220338983","45.44102140534953","20","5080","0","0.3018","68947721958036480","1.1637170461219126","2583.1718","125.721","1.967","48.226950354609926","60.52804484763428"
"th_qcpg_0.2_aug_0.7","38.90934595826758","52.61975739589992","2591","-","finished","","2.0544252395629883","5.1128","441.246","3.521","40.59252708379394","54.25954095410797","32.45762711864407","46.33438363846484","20","4800","0","0.3422","65117764746178560","1.239315177599589","2449.7582","125.204","1.959","49.734042553191486","61.32958848619055"
"th_qcpg_0.2_aug_0.6","38.80413817289146","53.03050826520253","2452","-","finished","","2.0464069843292236","5.1144","441.109","3.519","40.39354410789299","54.65091953438997","32.71186440677966","46.81938947661517","20","4520","0","0.3288","61287807534320640","1.238040576360922","2310.4367","124.946","1.956","49.55673758865248","61.195322771316256"
"th_qcpg_0.2_aug_0.5","37.19095213045765","52.56118725456692","2304","-","finished","","2.013998508453369","5.1087","441.596","3.523","38.64691576387354","54.21869138252741","31.610169491525426","46.2078896522251","19.95","4220","0","0.3147","57318791454737280","1.1753348617192128","2165.9683","124.942","1.948","49.37943262411348","61.17099389392887"
"th_qcpg_0.2_aug_0.4","39.41785025425215","52.48982833111053","2169","-","finished","","2.034024238586426","5.1104","441.454","3.522","41.12314835286315","54.28721883885949","32.88135593220339","45.600339122172336","19.95","3940","0","0.3137","53490108064568450","1.1952658435414891","2032.8433","124.25","1.938","49.60106382978723","60.82997371347524"
"th_qcpg_0.2_aug_0.3","35.47255830264773","51.1240636776882","2028","-","finished","","2.060068130493164","5.1043","441.979","3.526","36.87817820030953","52.7909526777608","30.084745762711865","44.73479338334384","19.95","3660","0","0.3635","49661424674399620","1.2396903460143045","1894.5401","123.798","1.932","45.833333333333336","58.6799341701274"
"th_qcpg_0.2_aug_0.2","38.733999649307385","53.21526371383801","1890","-","finished","","1.95979642868042","5.1127","441.255","3.521","40.39354410789299","54.95561030766526","32.3728813559322","46.5444267274999","19.94","3380","0","0.2947","45832741284230780","1.153180130275749","1757.5106","123.186","1.923","49.02482269503546","60.94471504653903"
"th_qcpg_0.2_aug_0.1","38.24302998421883","52.66250453196647","1748","-","finished","","1.887573480606079","5.1069","441.756","3.525","39.81870439973469","54.30423510658815","32.20338983050848","46.36966776161695","19.94","3100","0","0.3076","42004057894061950","1.1456046467442669","1619.279","122.561","1.914","49.55673758865248","61.6391509167806"
"th_ltw2v_aug_1.0","40.18937401367701","54.232931589440426","3002","-","finished","","2.4180989265441895","5.1059","441.841","3.525","42.00751713464515","55.8982049412459","33.220338983050844","47.849854157054914","20","5640","0","0.1175","76607636381752320","0.7885978319966201","2856.5864","126.319","1.974","51.1968085106383","62.484082556260134"
"th_ltw2v_aug_0.9","39.014553743643695","53.96728781478393","2867","-","finished","","2.3041861057281494","5.1099","441.493","3.523","40.81361927923944","55.67552833531008","32.11864406779661","47.4195150399209","20","5360","0","0.143","72777679169894400","0.8134348065105836","2723.3492","125.874","1.968","50.354609929078016","62.27914251302872"
"th_ltw2v_aug_0.8","39.52305803962827","53.20176461876271","2730","-","finished","","2.264220714569092","5.1208","440.555","3.515","41.410568206942294","55.05108419725154","32.28813559322034","46.11322864121707","20","5080","0","0.1424","68947721958036480","0.8155657205056018","2586.7219","125.549","1.964","49.33510638297872","61.61464306142484"
"th_ltw2v_aug_0.7","38.69893038751534","52.04648303624753","2592","-","finished","","2.259573459625244","5.1179","440.804","3.517","40.59252708379394","54.05913023857495","31.440677966101696","44.331903971734505","20","4800","0","0.1892","65117764746178560","0.8730422631899516","2452.966","125.04","1.957","48.18262411347518","60.357206494370146"
"th_ltw2v_aug_0.6","39.97895844292478","54.059105758785705","2444","-","finished","","2.1035807132720947","5.1084","441.629","3.524","41.83064337828875","56.05466972662997","32.88135593220339","46.410007600685574","20","4520","0","0.136","61287807534320640","0.8608383516294766","2308.582","125.046","1.958","50.97517730496454","62.595284957897505"
"th_ltw2v_aug_0.5","37.43643696300193","52.36681110164099","2301","-","finished","","2.1564602851867676","5.1096","441.521","3.523","39.155427813398184","54.09706943086027","30.847457627118644","45.73464294650738","19.95","4220","0","0.1552","57318791454737280","0.8889053267890243","2166.5195","124.91","1.948","49.202127659574465","60.802382144932075"
"th_ltw2v_aug_0.4","37.664387164650186","52.836893080861","2163","-","finished","","2.0458967685699463","5.1064","441.8","3.525","39.26597391112094","54.31698942893957","31.52542372881356","47.16360851954073","19.95","3940","0","0.2169","53490108064568450","1.0110968400984246","2032.0271","124.3","1.939","50.797872340425535","62.2471456050455"
"th_ltw2v_aug_0.3","38.41837629317903","52.87840270551768","2024","-","finished","","2.0410618782043457","5.114","441.145","3.52","39.95135971700199","54.16262751262761","32.54237288135593","47.95590372029985","19.95","3660","0","0.2722","49661424674399620","1.035640163108951","1894.6373","123.792","1.932","49.37943262411348","61.35461156067759"
"th_ltw2v_aug_0.2","39.9088199193407","53.68556500143564","1884","-","finished","","1.9010542631149292","5.1051","441.911","3.526","41.60955118284325","55.48413721350083","33.389830508474574","46.79154625976661","19.94","3380","0","0.2644","45832741284230780","1.0206709461099297","1756.9775","123.223","1.924","48.315602836879435","60.81550508687698"
"th_ltw2v_aug_0.1","38.08521830615466","53.01968187974722","1747","-","finished","","1.806390404701233","5.1076","441.691","3.524","39.39862922838824","54.64789828817767","33.05084745762712","46.778645595569834","19.94","3100","0","0.239","42004057894061950","1.080706321962418","1619.5809","122.538","1.914","49.33510638297872","61.45255883152617"
"th_llm_paraphrase_aug_1.0","38.90934595826758","53.09080105406762","3003","-","finished","","2.2591867446899414","5.1091","441.568","3.523","40.83572849878399","54.96518403084503","31.52542372881356","45.906195796472375","20","5640","0","0.2872","76607636381752320","1.0898457236323795","2858.5541","126.232","1.973","50.22163120567376","62.27309638500431"
"th_llm_paraphrase_aug_0.9","40.417324215325266","53.93885445726025","2860","-","finished","","2.132777452468872","5.1059","441.841","3.525","42.09595401282335","55.67022384973889","33.983050847457626","47.30242754015907","20","5360","0","0.2253","72777679169894400","1.0311214475489374","2718.3705","126.105","1.972","48.58156028368794","60.64202118918957"
"th_llm_paraphrase_aug_0.8","38.558653340347185","52.967960382095505","2722","-","finished","","2.246307373046875","5.1073","441.722","3.524","40.08401503426929","54.52178566298108","32.71186440677966","47.01206907239756","20","5080","0","0.2158","68947721958036480","1.0432614829596571","2582.1312","125.772","1.967","49.423758865248224","61.38247864304897"
"th_llm_paraphrase_aug_0.7","39.961423812028755","53.5908077108427","2584","-","finished","","2.065865993499756","5.1222","440.439","3.514","41.74220650011055","55.428622207630774","33.13559322033898","46.54637129646053","20","4800","0","0.2411","65117764746178560","1.056411499977112","2445.7204","125.411","1.963","48.93617021276596","60.72363648479558"
"th_llm_paraphrase_aug_0.6","39.838681395756616","54.18938361677455","2446","-","finished","","2.1112020015716553","5.1191","440.702","3.516","41.764315719655094","56.30592703761287","32.45762711864407","46.07656506385058","20","4520","0","0.2394","61287807534320640","1.0584326828475548","2308.5982","125.046","1.958","48.27127659574468","60.94667427722166"
"th_llm_paraphrase_aug_0.5","40.540066631597405","53.880623322922034","2301","-","finished","","2.0258853435516357","5.1197","440.654","3.516","42.31704620826885","55.67070719810162","33.728813559322035","47.01914080814619","19.95","4220","0","0.2588","57318791454737280","1.174825944041754","2165.4729","124.97","1.949","50.88652482269504","62.35235783401464"
"th_llm_paraphrase_aug_0.4","40.34718569174119","53.809164896354005","2165","-","finished","","2.0757012367248535","5.1221","440.442","3.514","42.206500110546095","55.6580793080214","33.220338983050844","46.722181943836745","19.95","3940","0","0.3016","53490108064568450","1.0976770981919342","2030.4218","124.398","1.94","50.39893617021277","61.92155111606906"
"th_llm_paraphrase_aug_0.3","39.137296159915834","53.573181793895635","2027","-","finished","","2.0156285762786865","5.1141","441.137","3.52","40.72518240106124","55.16610641780224","33.05084745762712","47.46742071429587","19.95","3660","0","0.2467","49661424674399620","1.0788526837291614","1894.9808","123.769","1.931","49.68971631205674","61.60087001372985"
"th_llm_paraphrase_aug_0.2","39.43538488514817","52.77656575341779","1885","-","finished","","1.8835340738296509","5.1173","440.861","3.518","41.07892991377405","54.32552544512865","33.13559322033898","46.839324494428936","19.94","3380","0","0.373","45832741284230780","1.1966242208988709","1757.3957","123.194","1.923","48.7145390070922","60.476155659656555"
"th_llm_paraphrase_aug_0.1","39.29510783798001","53.67624495821668","1752","-","finished","","1.776442289352417","5.1727","436.135","3.48","41.101039133318594","55.536485933347976","32.3728813559322","46.545846712015326","19.94","3100","0","0.2999","42004057894061950","1.125473689417685","1623.4173","122.248","1.91","49.9113475177305","61.92317536675469"
"th_llm_gec_aug_1.0","39.92635455023672","53.54415482568641","3105","-","finished","","2.2294719219207764","5.1067","441.776","3.525","41.764315719655094","55.35598821096339","32.88135593220339","46.5993053327996","20","5640","0","0.218","76607636381752320","1.0565670493646715","2941.7541","122.662","1.917","50.354609929078016","62.36436296257171"
"th_llm_gec_aug_0.9","40.38225495353323","54.411083589055906","2913","-","finished","","2.188366174697876","5.2174","432.398","3.45","42.09595401282335","56.14837044268571","33.813559322033896","47.75197474247426","20","5360","0","0.2189","72777679169894400","1.0315797336065946","2761.7357","124.125","1.941","52.5709219858156","63.53383054708938"
"th_llm_gec_aug_0.8","39.78607750306856","54.162524596183914","2821","-","finished","","2.1419477462768555","5.2918","426.322","3.402","41.499005085120494","55.90606150016016","33.220338983050844","47.47945898882564","20","5080","0","0.1961","68947721958036480","1.0141119949460968","2672.7319","121.509","1.901","50.0886524822695","62.11726573037592"
"th_llm_gec_aug_0.7","41.083640189374016","54.65978193612485","2746","-","finished","","2.062422513961792","5.3559","421.22","3.361","42.9139951359717","56.37738371805167","34.067796610169495","48.07612697031676","20","4800","0","0.2221","65117764746178560","1.017091774145762","2605.7292","117.71","1.842","50.31028368794326","61.839690911577705"
"th_llm_gec_aug_0.6","39.27757320708399","53.74994606348354","2459","-","finished","","2.0418524742126465","5.7592","391.718","3.125","41.12314835286315","55.65698293998009","32.20338983050848","46.4401767478966","20","4520","0","0.2574","61287807534320640","1.049627985152523","2319.8625","124.438","1.948","49.24645390070922","61.47324172316354"
"th_llm_gec_aug_0.5","39.224969314395935","53.484135546767845","2312","-","finished","","2.070232629776001","5.1213","440.511","3.515","40.85783771832854","55.1970347053439","32.96610169491525","46.9185059753797","19.95","4220","0","0.241","57318791454737280","1.0760238412432197","2173.7945","124.492","1.941","50.84219858156028","62.22137203031293"
"th_llm_gec_aug_0.4","39.61073119410836","54.42371688791997","2220","-","finished","","1.947030544281006","5.8157","387.913","3.095","41.01260225514039","55.93828278889643","34.23728813559322","48.61830877765309","19.95","3940","0","0.2435","53490108064568450","1.0582926445200964","2079.2699","121.475","1.895","50.265957446808514","61.713980365827865"
"th_llm_gec_aug_0.3","36.85779414343328","52.021017047706046","2025","-","finished","","1.9170913696289065","5.1149","441.066","3.519","38.42582356842804","53.586742864691","30.847457627118644","46.01951037802697","19.95","3660","0","0.3536","49661424674399620","1.1728136969394372","1892.3417","123.942","1.934","47.251773049645394","59.70318997553282"
"th_llm_gec_aug_0.2","40.92582851130984","54.370980392578815","1886","-","finished","","1.884839653968811","5.1016","442.214","3.528","42.8255582577935","56.17129773512198","33.644067796610166","47.470272477052134","19.94","3380","0","0.358","45832741284230780","1.2023516457461747","1754.6714","123.385","1.926","49.11347517730496","60.99664981100508"
"th_llm_gec_aug_0.1","38.54111870945117","53.14434028282302","1749","-","finished","","1.84227991104126","5.1002","442.339","3.529","40.19456113199204","55.0045111203188","32.20338983050848","46.0142108777453","19.94","3100","0","0.3054","42004057894061950","1.1253247944001228","1618.9632","122.585","1.915","49.60106382978723","61.69736492817828"
"th_fasttext_aug_1.0","38.97948448185166","53.18080677294195","2999","-","finished","","2.1835172176361084","5.1062","441.817","3.525","40.70307318151669","54.780583961764066","32.3728813559322","47.048779463585085","20","5640","0","0.1978","76607636381752320","0.9366605704557812","2854.2351","126.423","1.976","50.487588652482266","62.26658914731183"
"th_fasttext_aug_0.9","39.87375065754866","54.00841141733684","2859","-","finished","","2.121318817138672","5.1054","441.886","3.526","41.631660402387794","55.94104031232958","33.13559322033898","46.60054659356488","20","5360","0","0.1553","72777679169894400","0.8888474443065586","2717.1725","126.161","1.973","49.645390070921984","61.77680018696143"
"th_fasttext_aug_0.8","40.8030860950377","54.29592349726708","2723","-","finished","","2.1431193351745605","5.1071","441.735","3.524","42.84766747733805","56.14111796763739","32.96610169491525","47.223199268891086","20","5080","0","0.1695","68947721958036480","0.9272468251506176","2580.7176","125.841","1.968","50.265957446808514","61.910283494150725"
"th_fasttext_aug_0.7","39.52305803962827","54.06727626708674","2589","-","finished","","1.939542293548584","5.1053","441.896","3.526","41.410568206942294","55.86783196290619","32.28813559322034","47.16565473133272","20","4800","0","0.1754","65117764746178560","0.9624477458000184","2447.2663","125.332","1.961","51.2854609929078","63.02060519819137"
"th_fasttext_aug_0.6","37.524110117482024","52.85904656526457","2449","-","finished","","2.1262714862823486","5.1059","441.845","3.525","39.28808313066549","54.694362020467395","30.76271186440678","45.82418910434867","20","4520","0","0.1903","61287807534320640","0.9635034468321674","2311.2778","124.901","1.956","49.955673758865245","61.55280212069951"
"th_fasttext_aug_0.5","38.80413817289146","52.79081839275943","2304","-","finished","","2.0495736598968506","5.11","441.49","3.523","40.59252708379394","54.63802850014964","31.94915254237288","45.71036812519604","19.95","4220","0","0.2192","57318791454737280","1.0041041206974557","2167.638","124.846","1.947","48.758865248226954","60.77471875833113"
"th_fasttext_aug_0.4","39.31264246887603","54.40559170507503","2165","-","finished","","1.906567335128784","5.1077","441.686","3.524","41.07892991377405","56.35355104158003","32.54237288135593","46.93896451947297","19.95","3940","0","0.2228","53490108064568450","0.9989714530518816","2031.4407","124.335","1.94","51.462765957446805","62.7519132063876"
"th_fasttext_aug_0.3","40.13677012098896","54.074648188525735","2022","-","finished","","1.7970322370529177","5.1057","441.859","3.525","42.162281671456995","55.916455431703454","32.3728813559322","47.014907374211006","19.95","3660","0","0.258","49661424674399620","1.0920704065124844","1891.7451","123.981","1.935","51.861702127659576","63.13178716534482"
"th_fasttext_aug_0.2","39.76854287217254","54.039504573087015","1886","-","finished","","1.874835729598999","5.1085","441.62","3.524","41.631660402387794","55.8020122794658","32.6271186440678","47.28372291550258","19.94","3380","0","0.2537","45832741284230780","1.0784648353531516","1756.6124","123.249","1.924","49.68971631205674","61.47800636381813"
"th_fasttext_aug_0.1","39.470454146940206","52.60070790842948","1747","-","finished","","1.8494127988815308","5.1095","441.533","3.523","41.69798806102145","54.57456242003767","30.93220338983051","45.03482319995284","19.94","3100","0","0.293","42004057894061950","1.1148680360855594","1618.7365","122.602","1.915","48.09397163120568","59.984062381463495"
"th_aug_1.0","41.38172891460635","54.68294543082554","3004","-","finished","","2.2919580936431885","5.1031","442.08","3.527","42.9582135750608","56.260603891409865","35.33898305084746","48.63570033148533","20","5640","0","0.1846","76607636381752320","0.968924137548352","2858.1102","126.251","1.973","50.930851063829785","62.69803937613411"
"th_aug_0.9","40.8907592495178","54.27900340089559","2861","-","finished","","2.1533963680267334","5.1054","441.882","3.526","42.31704620826885","55.80020671728672","35.42372881355932","48.44815373984838","20","5360","0","0.1875","72777679169894400","0.9599211657225196","2718.7686","126.086","1.971","49.33510638297872","61.31020878341752"
"th_aug_0.8","39.838681395756616","54.29653415555011","2721","-","finished","","2.1371800899505615","5.1165","440.929","3.518","41.52111430466505","56.16808259319858","33.389830508474574","47.12279383056525","20","5080","0","0.1794","68947721958036480","0.9596873471117396","2578.9654","125.926","1.97","49.290780141843975","61.49116337007453"
"th_aug_0.7","40.31211642994915","54.24286674314538","2581","-","finished","","1.982117176055908","5.1002","442.335","3.529","42.162281671456995","55.93146895485495","33.220338983050844","47.77036860453454","20","4800","0","0.2505","65117764746178560","1.0718515594800313","2441.9328","125.605","1.966","49.734042553191486","61.82123461065894"
"th_aug_0.6","39.97895844292478","54.22068419072616","2476","-","finished","","2.092367887496948","5.1107","441.43","3.522","41.65376962193235","56.15430070997945","33.559322033898304","46.80903375294542","20","4520","0","0.2158","61287807534320640","1.016684850338286","2336.1154","123.573","1.935","49.86702127659574","62.2182182701706"
"th_aug_0.5","37.89233736629844","52.90967092291485","2398","-","finished","","2.0051896572113037","5.3534","421.415","3.362","39.53128454565554","54.735626806944595","31.610169491525426","45.910689174215534","19.95","4220","0","0.2397","57318791454737280","1.0345281257448604","2249.4681","120.304","1.876","49.290780141843975","61.31273810814648"
"th_aug_0.4","40.52253200070138","53.251435201023504","2209","-","finished","","1.9916797876358032","5.2652","428.475","3.419","42.118063232367895","54.733294080495334","34.40677966101695","47.571394767252855","19.95","3940","0","0.2497","53490108064568450","1.0527430868390852","2072.8283","121.853","1.901","49.645390070921984","61.19774642114097"
"th_aug_0.3","37.243556023145715","52.17356259929358","2066","-","finished","","1.898198127746582","5.1317","439.621","3.508","38.80168030068538","53.73304514466334","31.271186440677965","46.195986707170306","19.95","3660","0","0.2483","49661424674399620","1.0674072599150444","1932.3236","121.377","1.894","48.35992907801418","60.836561162554645"
"th_aug_0.2","39.15483079081185","54.08086841523144","1889","-","finished","","1.8800650835037231","5.104","442.009","3.527","40.92416537696219","55.80213623561198","32.3728813559322","47.48316133762164","19.94","3380","0","0.2909","45832741284230780","1.127299055968516","1759.6833","123.034","1.921","51.861702127659576","63.09558801457646"
"th_aug_0.1","38.59372260213922","53.197070323076034","1749","-","finished","","1.811606764793396","5.1034","442.06","3.527","40.19456113199204","54.9228568125566","32.45762711864407","46.58204295704295","19.94","3100","0","0.3086","42004057894061950","1.10415100220711","1620.309","122.483","1.913","49.33510638297872","61.29132297958317"
"original","39.24250394529195","53.61495578084122","1610","-","finished","","1.761034369468689","5.1082","441.647","3.524","40.63674552288304","55.1019656399842","33.898305084745765","47.91517138007665","20","2820","0","0.3093","38303818190876160","1.1408269070564432","1484.6705","121.522","1.899","50.354609929078016","62.27898432079446"