"Name","test_tydiqa_exact_match","test_xquad_exact_match","Created","Runtime","End Time","ID","Notes","State","Updated","Tags","logging_dir","output_dir","run_name","eval/loss","eval/runtime","eval/samples_per_second","eval/steps_per_second","train/epoch","train/global_step","train/learning_rate","train/loss","test_exact_match","test_f1","test_tydiqa_f1","test_xquad_f1","train/total_flos","train/train_loss","train/train_runtime","train/train_samples_per_second","train/train_steps_per_second","val_exact_match","val_f1"
"th_wordnet_aug_1.0","40.23877957108114","32.79661016949152","2023-08-31T18:53:58.000Z","1575","2023-08-31T19:20:13.000Z","yhde47c9","-","finished","2023-08-31T19:20:13.000Z","","models/claq-qa-th-wangchanberta-th_wordnet_aug_1.0/runs/Sep01_01-53-58_apex-foobox","models/claq-qa-th-wangchanberta-th_wordnet_aug_1.0","models/claq-qa-th-wangchanberta-th_wordnet_aug_1.0","1.6657689809799194","5.1016","442.21","3.528","10","2820","0","0.4609","38.69893038751534","54.14028604148706","55.53333822227269","48.80064619937504","38303818190876160","1.305399441549964","1425.8065","126.539","1.978","50.709219858156025","62.74736186372644"
"th_wordnet_aug_0.9","41.12314835286315","33.644067796610166","2023-08-31T18:27:53.000Z","1502","2023-08-31T18:52:55.000Z","jvki7gyz","-","finished","2023-08-31T18:52:55.000Z","","models/claq-qa-th-wangchanberta-th_wordnet_aug_0.9/runs/Sep01_01-27-52_apex-foobox","models/claq-qa-th-wangchanberta-th_wordnet_aug_0.9","models/claq-qa-th-wangchanberta-th_wordnet_aug_0.9","1.6151330471038818","5.1004","442.321","3.529","10","2680","0","0.4153","39.57566193231632","54.52260837813756","56.13685919056833","48.335102933541805","36388839584947200","1.272824401286111","1357.7328","126.24","1.974","50.62056737588652","62.87034186928592"
"th_wordnet_aug_0.8","41.60955118284325","33.559322033898304","2023-08-31T18:02:56.000Z","1434","2023-08-31T18:26:50.000Z","n89jf4b3","-","finished","2023-08-31T18:26:50.000Z","","models/claq-qa-th-wangchanberta-th_wordnet_aug_0.8/runs/Sep01_01-02-55_apex-foobox","models/claq-qa-th-wangchanberta-th_wordnet_aug_0.8","models/claq-qa-th-wangchanberta-th_wordnet_aug_0.8","1.57917058467865","5.1095","441.529","3.523","10","2540","0","0.41","39.94388918113274","55.071957779874374","56.645866719435105","49.03908478527122","34473860979018240","1.2831903803066944","1289.8767","125.888","1.969","51.684397163120565","63.779670571490904"
"th_wordnet_aug_0.7","41.03471147468495","33.30508474576271","2023-08-31T17:39:09.000Z","1364","2023-08-31T18:01:53.000Z","jfrvaznk","-","finished","2023-08-31T18:01:53.000Z","","models/claq-qa-th-wangchanberta-th_wordnet_aug_0.7/runs/Sep01_00-39-08_apex-foobox","models/claq-qa-th-wangchanberta-th_wordnet_aug_0.7","models/claq-qa-th-wangchanberta-th_wordnet_aug_0.7","1.5706466436386108","5.1001","442.348","3.529","10","2400","0","0.4875","39.43538488514817","54.51626407637558","56.09012930554322","48.48355862593152","32558882373089280","1.3590487098693849","1221.7292","125.527","1.964","52.526595744680854","64.22059568407589"
"th_wordnet_aug_0.6","39.08910015476454","32.79661016949152","2023-08-31T17:16:34.000Z","1292","2023-08-31T17:38:06.000Z","2wziqc6r","-","finished","2023-08-31T17:38:06.000Z","","models/claq-qa-th-wangchanberta-th_wordnet_aug_0.6/runs/Sep01_00-16-34_apex-foobox","models/claq-qa-th-wangchanberta-th_wordnet_aug_0.6","models/claq-qa-th-wangchanberta-th_wordnet_aug_0.6","1.5250065326690674","5.1021","442.175","3.528","10","2260","0","0.435","37.78712958092232","53.72903995990024","55.13296824868653","48.34771144279948","30643903767160320","1.3155837776386632","1153.4173","125.141","1.959","50.576241134751776","62.5907416588717"
"th_wordnet_aug_0.5","41.145257572407694","33.728813559322035","2023-08-31T16:55:14.000Z","1217","2023-08-31T17:15:31.000Z","16s2h736","-","finished","2023-08-31T17:15:31.000Z","","models/claq-qa-th-wangchanberta-th_wordnet_aug_0.5/runs/Aug31_23-55-14_apex-foobox","models/claq-qa-th-wangchanberta-th_wordnet_aug_0.5","models/claq-qa-th-wangchanberta-th_wordnet_aug_0.5","1.544924259185791","5.1051","441.913","3.526","9.98","2110","0","0.4671","39.61073119410836","54.70408411306567","56.23410757313548","48.83942639281624","28659926486405760","1.346898408862652","1082.6532","124.98","1.949","51.90602836879432","63.78681370127304"
"th_wordnet_aug_0.4","42.31704620826885","33.644067796610166","2023-08-31T16:35:00.000Z","1151","2023-08-31T16:54:11.000Z","bfl3mzhx","-","finished","2023-08-31T16:54:11.000Z","","models/claq-qa-th-wangchanberta-th_wordnet_aug_0.4/runs/Aug31_23-34-59_apex-foobox","models/claq-qa-th-wangchanberta-th_wordnet_aug_0.4","models/claq-qa-th-wangchanberta-th_wordnet_aug_0.4","1.501661777496338","5.1161","440.96","3.518","9.97","1970","0","0.4973","40.52253200070138","54.70831962549494","56.20578208568461","48.96846987343","26746221702165890","1.3706104762663092","1015.1371","124.407","1.941","52.34929078014184","63.72288025213565"
"th_wordnet_aug_0.3","37.40879946937873","31.779661016949152","2023-08-31T16:15:59.000Z","1078","2023-08-31T16:33:57.000Z","6bcu7cad","-","finished","2023-08-31T16:33:57.000Z","","models/claq-qa-th-wangchanberta-th_wordnet_aug_0.3/runs/Aug31_23-15-58_apex-foobox","models/claq-qa-th-wangchanberta-th_wordnet_aug_0.3","models/claq-qa-th-wangchanberta-th_wordnet_aug_0.3","1.4676278829574585","5.1186","440.742","3.517","9.97","1830","0","0.5525","36.24408206207259","53.045610871461896","54.36260238566901","47.99751543183748","24832516917926016","1.4607840115906765","946.3473","123.919","1.934","51.06382978723404","62.895771456857226"
"th_wordnet_aug_0.2","39.50917532611099","32.28813559322034","2023-08-31T15:58:08.000Z","1008","2023-08-31T16:14:56.000Z","ydodjnfi","-","finished","2023-08-31T16:14:56.000Z","","models/claq-qa-th-wangchanberta-th_wordnet_aug_0.2/runs/Aug31_22-58-07_apex-foobox","models/claq-qa-th-wangchanberta-th_wordnet_aug_0.2","models/claq-qa-th-wangchanberta-th_wordnet_aug_0.2","1.4935919046401978","5.105","441.919","3.526","9.97","1690","0","0.6545","38.015079782570574","53.65951449318207","55.248402610531265","47.569225548462825","22918812133686144","1.572101755537225","878.3989","123.236","1.924","50.265957446808514","62.4926574636711"
"th_wordnet_aug_0.1","39.97346893654654","33.220338983050844","2023-08-31T15:41:28.000Z","937","2023-08-31T15:57:05.000Z","ov2iebe6","-","finished","2023-08-31T15:57:05.000Z","","models/claq-qa-th-wangchanberta-th_wordnet_aug_0.1/runs/Aug31_22-41-27_apex-foobox","models/claq-qa-th-wangchanberta-th_wordnet_aug_0.1","models/claq-qa-th-wangchanberta-th_wordnet_aug_0.1","1.434815764427185","5.1052","441.906","3.526","9.97","1550","0","0.7763","38.57618797124321","53.759032040630345","55.25656879016522","48.01889753372805","21005107349446270","1.7302435844175277","809.6169","122.564","1.914","49.46808510638298","61.62062263597136"
"th_thai2trans_aug_1.0","38.69113420296264","32.96610169491525","2023-08-31T15:14:12.000Z","1573","2023-08-31T15:40:25.000Z","bawve0ba","-","finished","2023-08-31T15:40:25.000Z","","models/claq-qa-th-wangchanberta-th_thai2trans_aug_1.0/runs/Aug31_22-14-11_apex-foobox","models/claq-qa-th-wangchanberta-th_thai2trans_aug_1.0","models/claq-qa-th-wangchanberta-th_thai2trans_aug_1.0","1.747327208518982","5.1038","442.025","3.527","10","2820","0","0.3088","37.50657548658601","53.32457481806996","54.540967726195845","48.66207895073797","38303818190876160","1.166157066399324","1427.7263","126.369","1.975","50.75354609929078","62.66656849545211"
"th_thai2trans_aug_0.9","40.96838381605129","34.66101694915254","2023-08-31T14:48:05.000Z","1504","2023-08-31T15:13:09.000Z","stz73sph","-","finished","2023-08-31T15:13:09.000Z","","models/claq-qa-th-wangchanberta-th_thai2trans_aug_0.9/runs/Aug31_21-48-05_apex-foobox","models/claq-qa-th-wangchanberta-th_thai2trans_aug_0.9","models/claq-qa-th-wangchanberta-th_thai2trans_aug_0.9","1.626223921775818","5.1109","441.408","3.522","10","2680","0","0.3927","39.66333508679642","53.932705896029915","55.28077270755541","48.76549726168372","36388839584947200","1.238506402542342","1359.4461","126.081","1.971","50.576241134751776","62.4342137871108"
"th_thai2trans_aug_0.8","41.720097280565994","33.389830508474574","2023-08-31T14:23:07.000Z","1435","2023-08-31T14:47:02.000Z","myj4svpo","-","finished","2023-08-31T14:47:02.000Z","","models/claq-qa-th-wangchanberta-th_thai2trans_aug_0.8/runs/Aug31_21-23-06_apex-foobox","models/claq-qa-th-wangchanberta-th_thai2trans_aug_0.8","models/claq-qa-th-wangchanberta-th_thai2trans_aug_0.8","1.611907124519348","5.1097","441.516","3.523","10","2540","0","0.385","39.996493073820794","54.516583910382806","55.925582159854834","49.115821976179085","34473860979018240","1.296009015661525","1290.9184","125.786","1.968","50.930851063829785","62.658691523977545"
"th_thai2trans_aug_0.7","40.03979659518019","33.220338983050844","2023-08-31T13:59:19.000Z","1365","2023-08-31T14:22:04.000Z","1gj9g5t1","-","finished","2023-08-31T14:22:04.000Z","","models/claq-qa-th-wangchanberta-th_thai2trans_aug_0.7/runs/Aug31_20-59-18_apex-foobox","models/claq-qa-th-wangchanberta-th_thai2trans_aug_0.7","models/claq-qa-th-wangchanberta-th_thai2trans_aug_0.7","1.5594695806503296","5.1183","440.77","3.517","10","2400","0","0.6763","38.62879186393126","53.87846460902778","55.30178388787784","48.422809441029784","32558882373089280","1.535433839162191","1222.7932","125.418","1.963","49.68971631205674","62.12200939907448"
"th_thai2trans_aug_0.6","36.87817820030953","32.71186440677966","2023-08-31T13:36:43.000Z","1293","2023-08-31T13:58:16.000Z","kz08gyjc","-","finished","2023-08-31T13:58:16.000Z","","models/claq-qa-th-wangchanberta-th_thai2trans_aug_0.6/runs/Aug31_20-36-41_apex-foobox","models/claq-qa-th-wangchanberta-th_thai2trans_aug_0.6","models/claq-qa-th-wangchanberta-th_thai2trans_aug_0.6","1.5282893180847168","5.1065","441.792","3.525","10","2260","0","0.4361","36.01613186042434","52.87301415141874","54.06998326081464","48.284970692269454","30643903767160320","1.3335439665127644","1154.4068","125.034","1.958","49.46808510638298","61.38019830887"
"th_thai2trans_aug_0.5","41.30002210921955","33.983050847457626","2023-08-31T13:15:16.000Z","1223","2023-08-31T13:35:39.000Z","duzt2tgc","-","finished","2023-08-31T13:35:39.000Z","","models/claq-qa-th-wangchanberta-th_thai2trans_aug_0.5/runs/Aug31_20-15-15_apex-foobox","models/claq-qa-th-wangchanberta-th_thai2trans_aug_0.5","models/claq-qa-th-wangchanberta-th_thai2trans_aug_0.5","1.566482663154602","5.1089","441.58","3.523","9.98","2110","0","0.5347","39.78607750306856","54.093723169218855","55.38416219486093","49.147404768390516","28659926486405760","1.393208714345055","1083.7561","124.853","1.947","49.512411347517734","61.657813921564625"
"th_thai2trans_aug_0.4","42.162281671456995","34.40677966101695","2023-08-31T12:55:02.000Z","1151","2023-08-31T13:14:13.000Z","0z476ms9","-","finished","2023-08-31T13:14:13.000Z","","models/claq-qa-th-wangchanberta-th_thai2trans_aug_0.4/runs/Aug31_19-55-02_apex-foobox","models/claq-qa-th-wangchanberta-th_thai2trans_aug_0.4","models/claq-qa-th-wangchanberta-th_thai2trans_aug_0.4","1.483197808265686","5.1101","441.482","3.522","9.97","1970","0","0.5242","40.55760126249343","55.00905427693927","56.264722634178064","50.1960136161003","26746221702165890","1.423016849266091","1015.2516","124.393","1.94","51.32978723404256","62.83811506161461"
"th_thai2trans_aug_0.3","39.95135971700199","32.11864406779661","2023-08-31T12:36:01.000Z","1079","2023-08-31T12:54:00.000Z","4ytw7cp1","-","finished","2023-08-31T12:54:00.000Z","","models/claq-qa-th-wangchanberta-th_thai2trans_aug_0.3/runs/Aug31_19-35-59_apex-foobox","models/claq-qa-th-wangchanberta-th_thai2trans_aug_0.3","models/claq-qa-th-wangchanberta-th_thai2trans_aug_0.3","1.4795581102371216","5.1083","441.636","3.524","9.97","1830","0","0.6552","38.33070313869893","53.71940191768738","55.08904594284603","48.46948672633943","24832516917926016","1.5123755408115074","947.0983","123.82","1.932","49.822695035460995","62.30202422499796"
"th_thai2trans_aug_0.2","38.95644483749724","32.88135593220339","2023-08-31T12:18:04.000Z","1013","2023-08-31T12:34:57.000Z","58tkaf4z","-","finished","2023-08-31T12:34:57.000Z","","models/claq-qa-th-wangchanberta-th_thai2trans_aug_0.2/runs/Aug31_19-18-04_apex-foobox","models/claq-qa-th-wangchanberta-th_thai2trans_aug_0.2","models/claq-qa-th-wangchanberta-th_thai2trans_aug_0.2","1.4350929260253906","5.1046","441.95","3.526","9.97","1690","0","0.6282","37.699456426442225","54.208473096365864","55.571189905625886","48.98511027578824","22918812133686144","1.54674035247261","878.7766","123.183","1.923","51.3741134751773","62.88621498508659"
"th_thai2trans_aug_0.1","40.39354410789299","33.47457627118644","2023-08-31T12:01:22.000Z","940","2023-08-31T12:17:02.000Z","qkh81ncg","-","finished","2023-08-31T12:17:02.000Z","","models/claq-qa-th-wangchanberta-th_thai2trans_aug_0.1/runs/Aug31_19-01-21_apex-foobox","models/claq-qa-th-wangchanberta-th_thai2trans_aug_0.1","models/claq-qa-th-wangchanberta-th_thai2trans_aug_0.1","1.442042112350464","5.1031","442.088","3.527","9.97","1550","0","0.7387","38.96194985095564","53.60723991542116","55.15715833922174","47.666323787583295","21005107349446270","1.632987774264428","810.0368","122.501","1.913","50.66489361702128","62.57037288437254"
"th_thai2fit_aug_1.0","40.48198098607119","32.28813559322034","2023-08-31T11:34:04.000Z","1575","2023-08-31T12:00:19.000Z","ou3xlvi6","-","finished","2023-08-31T12:00:19.000Z","","models/claq-qa-th-wangchanberta-th_thai2fit_aug_1.0/runs/Aug31_18-34-03_apex-foobox","models/claq-qa-th-wangchanberta-th_thai2fit_aug_1.0","models/claq-qa-th-wangchanberta-th_thai2fit_aug_1.0","1.68914532661438","5.106","441.831","3.525","10","2820","0","0.404","38.78660354199544","53.13175678444326","54.51470924940687","47.83082966662229","38303818190876160","1.2356061705460786","1428.1064","126.335","1.975","48.93617021276596","61.329080166490606"
"th_thai2fit_aug_0.9","39.50917532611099","33.728813559322035","2023-08-31T11:07:54.000Z","1506","2023-08-31T11:33:00.000Z","uj91nsx4","-","finished","2023-08-31T11:33:00.000Z","","models/claq-qa-th-wangchanberta-th_thai2fit_aug_0.9/runs/Aug31_18-07-54_apex-foobox","models/claq-qa-th-wangchanberta-th_thai2fit_aug_0.9","models/claq-qa-th-wangchanberta-th_thai2fit_aug_0.9","1.6758297681808472","5.1127","441.252","3.521","10","2680","0","0.3585","38.313168507802914","54.23569317349316","55.540109901533334","49.23579752864227","36388839584947200","1.2024472393206695","1360.9166","125.945","1.969","51.95035460992908","63.41385243526899"
"th_thai2fit_aug_0.8","39.90714127791289","32.79661016949152","2023-08-31T10:42:58.000Z","1433","2023-08-31T11:06:51.000Z","bqriiij6","-","finished","2023-08-31T11:06:51.000Z","","models/claq-qa-th-wangchanberta-th_thai2fit_aug_0.8/runs/Aug31_17-42-57_apex-foobox","models/claq-qa-th-wangchanberta-th_thai2fit_aug_0.8","models/claq-qa-th-wangchanberta-th_thai2fit_aug_0.8","1.6851818561553955","5.1081","441.648","3.524","10","2540","0","0.3707","38.435910924075046","54.11731918384618","55.54677543869921","48.63814067477945","34473860979018240","1.2267809139461967","1291.7197","125.708","1.966","51.152482269503544","62.71224156695095"
"th_thai2fit_aug_0.7","41.720097280565994","34.152542372881356","2023-08-31T10:19:11.000Z","1364","2023-08-31T10:41:55.000Z","7xy9jitn","-","finished","2023-08-31T10:41:55.000Z","","models/claq-qa-th-wangchanberta-th_thai2fit_aug_0.7/runs/Aug31_17-19-10_apex-foobox","models/claq-qa-th-wangchanberta-th_thai2fit_aug_0.7","models/claq-qa-th-wangchanberta-th_thai2fit_aug_0.7","1.62540602684021","5.1133","441.198","3.52","10","2400","0","0.4038","40.15430475188497","54.49896568237222","55.99750437107175","48.754990691705544","32558882373089280","1.255962273279826","1224.1076","125.283","1.961","50.265957446808514","62.46014981113551"
"th_thai2fit_aug_0.6","37.49723634755693","33.644067796610166","2023-08-31T09:56:37.000Z","1291","2023-08-31T10:18:08.000Z","z1tapkoh","-","finished","2023-08-31T10:18:08.000Z","","models/claq-qa-th-wangchanberta-th_thai2fit_aug_0.6/runs/Aug31_16-56-36_apex-foobox","models/claq-qa-th-wangchanberta-th_thai2fit_aug_0.6","models/claq-qa-th-wangchanberta-th_thai2fit_aug_0.6","1.576746106147766","5.1163","440.939","3.518","10","2260","0","0.5339","36.699982465369104","53.86219996122797","55.17744186454964","48.82081086909103","30643903767160320","1.413297791607612","1155.7267","124.891","1.955","51.152482269503544","63.2110225642066"
"th_thai2fit_aug_0.5","38.47004200751714","32.79661016949152","2023-08-31T09:35:13.000Z","1221","2023-08-31T09:55:34.000Z","gp0t39p6","-","finished","2023-08-31T09:55:34.000Z","","models/claq-qa-th-wangchanberta-th_thai2fit_aug_0.5/runs/Aug31_16-35-12_apex-foobox","models/claq-qa-th-wangchanberta-th_thai2fit_aug_0.5","models/claq-qa-th-wangchanberta-th_thai2fit_aug_0.5","1.559411644935608","5.1088","441.587","3.523","9.98","2110","0","0.4924","37.29615991583377","53.71978226991054","55.007488369618024","48.78393931315168","28659926486405760","1.3623634410695442","1085.3118","124.674","1.944","50.487588652482266","62.540841411654526"
"th_thai2fit_aug_0.4","40.52619942516029","33.47457627118644","2023-08-31T09:15:02.000Z","1148","2023-08-31T09:34:10.000Z","gsg1ge3b","-","finished","2023-08-31T09:34:10.000Z","","models/claq-qa-th-wangchanberta-th_thai2fit_aug_0.4/runs/Aug31_16-15-02_apex-foobox","models/claq-qa-th-wangchanberta-th_thai2fit_aug_0.4","models/claq-qa-th-wangchanberta-th_thai2fit_aug_0.4","1.4521514177322388","5.1056","441.865","3.526","9.97","1970","0","0.5342","39.06715763633176","54.14364486458096","55.37954309531001","49.40638410391479","26746221702165890","1.40776556954166","1016.8855","124.193","1.937","50.265957446808514","62.39748154428366"
"th_thai2fit_aug_0.3","41.34424054830865","33.559322033898304","2023-08-31T08:55:48.000Z","1091","2023-08-31T09:13:59.000Z","qk6wzvjr","-","finished","2023-08-31T09:13:59.000Z","","models/claq-qa-th-wangchanberta-th_thai2fit_aug_0.3/runs/Aug31_15-55-48_apex-foobox","models/claq-qa-th-wangchanberta-th_thai2fit_aug_0.3","models/claq-qa-th-wangchanberta-th_thai2fit_aug_0.3","1.4549418687820437","5.1103","441.463","3.522","9.97","1830","0","0.5812","39.7334736103805","54.583341837990304","55.91016162316462","49.497574136005795","24832516917926016","1.4833438935827037","954.8802","122.811","1.916","50.44326241134752","62.124696517698126"
"th_thai2fit_aug_0.2","41.05682069422949","34.66101694915254","2023-08-31T08:37:00.000Z","1065","2023-08-31T08:54:45.000Z","avra1r7c","-","finished","2023-08-31T08:54:45.000Z","","models/claq-qa-th-wangchanberta-th_thai2fit_aug_0.2/runs/Aug31_15-36-58_apex-foobox","models/claq-qa-th-wangchanberta-th_thai2fit_aug_0.2","models/claq-qa-th-wangchanberta-th_thai2fit_aug_0.2","1.5104516744613647","5.1593","437.271","3.489","9.97","1690","0","0.6576","39.7334736103805","54.15847181364986","55.52433350818977","48.92305448788501","22918812133686144","1.5219381253394857","903.7629","119.777","1.87","50.39893617021277","62.19487073210483"
"th_thai2fit_aug_0.1","41.277912889674994","33.898305084745765","2023-08-31T08:20:12.000Z","944","2023-08-31T08:35:56.000Z","w0n15k80","-","finished","2023-08-31T08:35:56.000Z","","models/claq-qa-th-wangchanberta-th_thai2fit_aug_0.1/runs/Aug31_15-20-11_apex-foobox","models/claq-qa-th-wangchanberta-th_thai2fit_aug_0.1","models/claq-qa-th-wangchanberta-th_thai2fit_aug_0.1","1.4344621896743774","5.122","440.454","3.514","9.97","1550","0","0.7061","39.75100824127652","53.871431995460895","55.30634098325767","48.37135288376301","21005107349446270","1.5986007985761088","812.0911","122.191","1.909","49.822695035460995","61.83693209356371"
"th_qcpg_0.8_llm_gec_aug_1.0","42.14017245191245","33.898305084745765","2023-08-31T07:52:55.000Z","1574","2023-08-31T08:19:09.000Z","va9r3wny","-","finished","2023-08-31T08:19:09.000Z","","models/claq-qa-th-wangchanberta-th_qcpg_0.8_llm_gec_aug_1.0/runs/Aug31_14-52-54_apex-foobox","models/claq-qa-th-wangchanberta-th_qcpg_0.8_llm_gec_aug_1.0","models/claq-qa-th-wangchanberta-th_qcpg_0.8_llm_gec_aug_1.0","1.5464389324188232","5.1069","441.753","3.525","10","2820","0","0.7685","40.43485884622129","53.63995709574301","55.20261896095343","47.65019470900995","38303818190876160","1.6387298583984375","1430.9538","126.084","1.971","48.8918439716312","60.679011573880146"
"th_qcpg_0.8_llm_gec_aug_0.9","42.67079372098165","33.30508474576271","2023-08-31T07:26:48.000Z","1504","2023-08-31T07:51:52.000Z","y8uqlet3","-","finished","2023-08-31T07:51:52.000Z","","models/claq-qa-th-wangchanberta-th_qcpg_0.8_llm_gec_aug_0.9/runs/Aug31_14-26-47_apex-foobox","models/claq-qa-th-wangchanberta-th_qcpg_0.8_llm_gec_aug_0.9","models/claq-qa-th-wangchanberta-th_qcpg_0.8_llm_gec_aug_0.9","1.502767562866211","5.1054","441.889","3.526","10","2680","0","0.7561","40.73294757145362","54.45448496803331","56.23270912072107","47.638461372605","36388839584947200","1.6062928157066232","1361.7492","125.868","1.968","49.822695035460995","61.95276095815839"
"th_qcpg_0.8_llm_gec_aug_0.8","42.383373866902495","33.220338983050844","2023-08-31T07:01:51.000Z","1434","2023-08-31T07:25:45.000Z","bgiazj4s","-","finished","2023-08-31T07:25:45.000Z","","models/claq-qa-th-wangchanberta-th_qcpg_0.8_llm_gec_aug_0.8/runs/Aug31_14-01-51_apex-foobox","models/claq-qa-th-wangchanberta-th_qcpg_0.8_llm_gec_aug_0.8","models/claq-qa-th-wangchanberta-th_qcpg_0.8_llm_gec_aug_0.8","1.458090901374817","5.1057","441.856","3.525","10","2540","0","0.7708","40.48746273890934","54.47007461816604","56.09875906806368","48.22724430724599","34473860979018240","1.6661661703755537","1292.5801","125.625","1.965","49.86702127659574","61.9130790479743"
"th_qcpg_0.8_llm_gec_aug_0.7","42.75923059915985","34.32203389830509","2023-08-31T06:38:03.000Z","1365","2023-08-31T07:00:48.000Z","ri4q4y78","-","finished","2023-08-31T07:00:48.000Z","","models/claq-qa-th-wangchanberta-th_qcpg_0.8_llm_gec_aug_0.7/runs/Aug31_13-38-03_apex-foobox","models/claq-qa-th-wangchanberta-th_qcpg_0.8_llm_gec_aug_0.7","models/claq-qa-th-wangchanberta-th_qcpg_0.8_llm_gec_aug_0.7","1.4900394678115845","5.1071","441.736","3.524","10","2400","0","0.7116","41.01350166578994","54.95090237577056","56.513518195529045","48.96131648359571","32558882373089280","1.642106030782064","1224.1803","125.276","1.96","50.97517730496454","62.61768201986447"
"th_qcpg_0.8_llm_gec_aug_0.6","40.59252708379394","32.28813559322034","2023-08-31T06:15:26.000Z","1294","2023-08-31T06:37:00.000Z","np54hz21","-","finished","2023-08-31T06:37:00.000Z","","models/claq-qa-th-wangchanberta-th_qcpg_0.8_llm_gec_aug_0.6/runs/Aug31_13-15-26_apex-foobox","models/claq-qa-th-wangchanberta-th_qcpg_0.8_llm_gec_aug_0.6","models/claq-qa-th-wangchanberta-th_qcpg_0.8_llm_gec_aug_0.6","1.5163143873214722","5.1089","441.58","3.523","10","2260","0","0.826","38.87427669647554","53.98579025077184","55.63009863003048","47.68307262417431","30643903767160320","1.6915444028061049","1155.5363","124.912","1.956","49.423758865248224","61.44895507282085"
"th_qcpg_0.8_llm_gec_aug_0.5","39.97346893654654","32.28813559322034","2023-08-31T05:53:59.000Z","1224","2023-08-31T06:14:23.000Z","8ksxkgpo","-","finished","2023-08-31T06:14:23.000Z","","models/claq-qa-th-wangchanberta-th_qcpg_0.8_llm_gec_aug_0.5/runs/Aug31_12-53-58_apex-foobox","models/claq-qa-th-wangchanberta-th_qcpg_0.8_llm_gec_aug_0.5","models/claq-qa-th-wangchanberta-th_qcpg_0.8_llm_gec_aug_0.5","1.445225954055786","5.1117","441.344","3.521","9.98","2110","0","0.711","38.38330703138699","53.54951425546218","55.07620990021294","47.697612220541714","28659926486405760","1.625957991613596","1084.7643","124.737","1.945","50.797872340425535","62.54659209277654"
"th_qcpg_0.8_llm_gec_aug_0.4","42.383373866902495","34.91525423728814","2023-08-31T05:33:42.000Z","1154","2023-08-31T05:52:56.000Z","dol2aal8","-","finished","2023-08-31T05:52:56.000Z","","models/claq-qa-th-wangchanberta-th_qcpg_0.8_llm_gec_aug_0.4/runs/Aug31_12-33-42_apex-foobox","models/claq-qa-th-wangchanberta-th_qcpg_0.8_llm_gec_aug_0.4","models/claq-qa-th-wangchanberta-th_qcpg_0.8_llm_gec_aug_0.4","1.4725488424301147","5.1075","441.701","3.524","9.97","1970","0","0.7464","40.83815535682974","54.6834108526147","56.13769220832481","49.1090764696697","26746221702165890","1.6907612369750358","1016.4112","124.251","1.938","51.50709219858156","63.06380860160727"
"th_qcpg_0.8_llm_gec_aug_0.3","40.15034269290294","32.79661016949152","2023-08-31T05:14:37.000Z","1082","2023-08-31T05:32:39.000Z","ay8qrrys","-","finished","2023-08-31T05:32:39.000Z","","models/claq-qa-th-wangchanberta-th_qcpg_0.8_llm_gec_aug_0.3/runs/Aug31_12-14-37_apex-foobox","models/claq-qa-th-wangchanberta-th_qcpg_0.8_llm_gec_aug_0.3","models/claq-qa-th-wangchanberta-th_qcpg_0.8_llm_gec_aug_0.3","1.4766738414764404","5.1092","441.561","3.523","9.97","1830","0","0.7395","38.62879186393126","53.7455506061911","55.0658402285054","48.68481335049133","24832516917926016","1.6787421638196935","947.8002","123.729","1.931","49.86702127659574","62.182872030660754"
"th_qcpg_0.8_llm_gec_aug_0.2","40.92416537696219","33.983050847457626","2023-08-31T04:56:42.000Z","1013","2023-08-31T05:13:35.000Z","sevehtkh","-","finished","2023-08-31T05:13:35.000Z","","models/claq-qa-th-wangchanberta-th_qcpg_0.8_llm_gec_aug_0.2/runs/Aug31_11-56-41_apex-foobox","models/claq-qa-th-wangchanberta-th_qcpg_0.8_llm_gec_aug_0.2","models/claq-qa-th-wangchanberta-th_qcpg_0.8_llm_gec_aug_0.2","1.4148447513580322","5.1073","441.721","3.524","9.97","1690","0","0.8242","39.48798877783623","54.4969635301035","56.07108659571911","48.46326977944453","22918812133686144","1.816040445361617","879.7941","123.04","1.921","48.93617021276596","61.360801205487874"
"th_qcpg_0.8_llm_gec_aug_0.1","41.21158523104135","34.067796610169495","2023-08-31T04:39:58.000Z","941","2023-08-31T04:55:39.000Z","k263nniv","-","finished","2023-08-31T04:55:39.000Z","","models/claq-qa-th-wangchanberta-th_qcpg_0.8_llm_gec_aug_0.1/runs/Aug31_11-39-57_apex-foobox","models/claq-qa-th-wangchanberta-th_qcpg_0.8_llm_gec_aug_0.1","models/claq-qa-th-wangchanberta-th_qcpg_0.8_llm_gec_aug_0.1","1.4356489181518557","5.1087","441.598","3.523","9.97","1550","0","0.7493","39.7334736103805","54.2301108965971","55.80448927312052","48.195438526246136","21005107349446270","1.6528502827305949","810.7734","122.389","1.912","50.797872340425535","62.67093525701438"
"th_qcpg_0.8_aug_1.0","42.31704620826885","35.08474576271186","2023-08-31T04:12:34.000Z","1581","2023-08-31T04:38:55.000Z","u02rmwqa","-","finished","2023-08-31T04:38:55.000Z","","models/claq-qa-th-wangchanberta-th_qcpg_0.8_aug_1.0/runs/Aug31_11-12-34_apex-foobox","models/claq-qa-th-wangchanberta-th_qcpg_0.8_aug_1.0","models/claq-qa-th-wangchanberta-th_qcpg_0.8_aug_1.0","1.525455117225647","5.1097","441.514","3.523","10","2820","0","0.9404","40.82062072593372","54.390328774974165","55.7939705286375","49.01009856156913","38303818190876160","1.822945528503851","1436.6532","125.584","1.963","51.1081560283688","62.61602822616595"
"th_qcpg_0.8_aug_0.9","40.99049303559585","32.79661016949152","2023-08-31T03:46:15.000Z","1517","2023-08-31T04:11:32.000Z","iwcdeusa","-","finished","2023-08-31T04:11:32.000Z","","models/claq-qa-th-wangchanberta-th_qcpg_0.8_aug_0.9/runs/Aug31_10-46-14_apex-foobox","models/claq-qa-th-wangchanberta-th_qcpg_0.8_aug_0.9","models/claq-qa-th-wangchanberta-th_qcpg_0.8_aug_0.9","1.4686942100524902","5.1111","441.39","3.522","10","2680","0","0.73","39.29510783798001","54.03516250899894","55.46202036619029","48.5659437902914","36388839584947200","1.6349733210321682","1371.9947","124.928","1.953","50.576241134751776","62.19153732803614"
"th_qcpg_0.8_aug_0.8","40.32721644925934","33.898305084745765","2023-08-31T03:21:18.000Z","1434","2023-08-31T03:45:12.000Z","u9xqi10h","-","finished","2023-08-31T03:45:12.000Z","","models/claq-qa-th-wangchanberta-th_qcpg_0.8_aug_0.8/runs/Aug31_10-21-18_apex-foobox","models/claq-qa-th-wangchanberta-th_qcpg_0.8_aug_0.8","models/claq-qa-th-wangchanberta-th_qcpg_0.8_aug_0.8","1.5426958799362185","5.1224","440.416","3.514","10","2540","0","0.7271","38.99701911274768","53.36179617723061","54.75324692015475","48.02829472787101","34473860979018240","1.6165742048128384","1291.4649","125.733","1.967","48.67021276595744","61.06955868230244"
"th_qcpg_0.8_aug_0.7","42.427592305991595","33.728813559322035","2023-08-31T02:57:29.000Z","1366","2023-08-31T03:20:15.000Z","oc6wq87b","-","finished","2023-08-31T03:20:15.000Z","","models/claq-qa-th-wangchanberta-th_qcpg_0.8_aug_0.7/runs/Aug31_09-57-29_apex-foobox","models/claq-qa-th-wangchanberta-th_qcpg_0.8_aug_0.7","models/claq-qa-th-wangchanberta-th_qcpg_0.8_aug_0.7","1.460584044456482","5.1182","440.783","3.517","10","2400","0","0.7452","40.627739786077505","54.99019336659262","56.558849540790106","48.977454488716766","32558882373089280","1.6434850883483887","1223.1154","125.385","1.962","51.462765957446805","63.17906075435026"
"th_qcpg_0.8_aug_0.6","40.15034269290294","32.3728813559322","2023-08-31T02:34:51.000Z","1296","2023-08-31T02:56:27.000Z","egjpn4pt","-","finished","2023-08-31T02:56:27.000Z","","models/claq-qa-th-wangchanberta-th_qcpg_0.8_aug_0.6/runs/Aug31_09-34-50_apex-foobox","models/claq-qa-th-wangchanberta-th_qcpg_0.8_aug_0.6","models/claq-qa-th-wangchanberta-th_qcpg_0.8_aug_0.6","1.524789571762085","5.1107","441.426","3.522","10","2260","0","0.7725","38.54111870945117","53.49166831402075","55.079663773450385","47.40480097249655","30643903767160320","1.6071619962169006","1156.1019","124.851","1.955","50.044326241134755","61.97263011938847"
"th_qcpg_0.8_aug_0.5","41.25580367013045","33.220338983050844","2023-08-31T02:12:55.000Z","1253","2023-08-31T02:33:48.000Z","ajwcqixp","-","finished","2023-08-31T02:33:48.000Z","","models/claq-qa-th-wangchanberta-th_qcpg_0.8_aug_0.5/runs/Aug31_09-12-55_apex-foobox","models/claq-qa-th-wangchanberta-th_qcpg_0.8_aug_0.5","models/claq-qa-th-wangchanberta-th_qcpg_0.8_aug_0.5","1.4599767923355105","5.1194","440.675","3.516","9.98","2110","0","0.7489","39.593196563212345","54.034096760940045","55.69420170196267","47.6708301098862","28659926486405760","1.6234480509825793","1109.647","121.94","1.902","51.241134751773046","62.67093560488683"
"th_qcpg_0.8_aug_0.4","41.587441963298694","33.983050847457626","2023-08-31T01:52:39.000Z","1154","2023-08-31T02:11:53.000Z","5xv3t6gq","-","finished","2023-08-31T02:11:53.000Z","","models/claq-qa-th-wangchanberta-th_qcpg_0.8_aug_0.4/runs/Aug31_08-52-38_apex-foobox","models/claq-qa-th-wangchanberta-th_qcpg_0.8_aug_0.4","models/claq-qa-th-wangchanberta-th_qcpg_0.8_aug_0.4","1.513380765914917","5.1039","442.015","3.527","9.97","1970","0","0.7955","40.01402770471682","54.00349884630807","55.45809468216203","48.42795904498125","26746221702165890","1.6289534128256862","1017.2565","124.148","1.937","48.93617021276596","61.06992577051156"
"th_qcpg_0.8_aug_0.3","42.44970152553615","33.644067796610166","2023-08-31T01:33:28.000Z","1088","2023-08-31T01:51:36.000Z","5blg22jy","-","finished","2023-08-31T01:51:36.000Z","","models/claq-qa-th-wangchanberta-th_qcpg_0.8_aug_0.3/runs/Aug31_08-33-28_apex-foobox","models/claq-qa-th-wangchanberta-th_qcpg_0.8_aug_0.3","models/claq-qa-th-wangchanberta-th_qcpg_0.8_aug_0.3","1.466350555419922","5.1137","441.166","3.52","9.97","1830","0","0.8025","40.627739786077505","54.70707116622755","56.45290546264906","48.01519953680969","24832516917926016","1.7088636638036845","946.7492","123.866","1.933","50.66489361702128","62.386797722569064"
"th_qcpg_0.8_aug_0.2","39.53128454565554","31.94915254237288","2023-08-31T01:15:34.000Z","1012","2023-08-31T01:32:26.000Z","srngha7e","-","finished","2023-08-31T01:32:26.000Z","","models/claq-qa-th-wangchanberta-th_qcpg_0.8_aug_0.2/runs/Aug31_08-15-34_apex-foobox","models/claq-qa-th-wangchanberta-th_qcpg_0.8_aug_0.2","models/claq-qa-th-wangchanberta-th_qcpg_0.8_aug_0.2","1.455519437789917","5.1116","441.351","3.521","9.97","1690","0","0.7299","37.96247588988252","53.45911614468257","55.122635745607376","47.0827609285967","22918812133686144","1.632666435467421","878.6327","123.203","1.923","51.152482269503544","62.72667705152189"
"th_qcpg_0.8_aug_0.1","41.07892991377405","33.47457627118644","2023-08-31T00:58:52.000Z","940","2023-08-31T01:14:32.000Z","zcnza351","-","finished","2023-08-31T01:14:32.000Z","","models/claq-qa-th-wangchanberta-th_qcpg_0.8_aug_0.1/runs/Aug31_07-58-51_apex-foobox","models/claq-qa-th-wangchanberta-th_qcpg_0.8_aug_0.1","models/claq-qa-th-wangchanberta-th_qcpg_0.8_aug_0.1","1.4680348634719849","5.1099","441.493","3.523","9.97","1550","0","0.8312","39.505523408732245","54.024215410129024","55.69356254758658","47.62552295019761","21005107349446270","1.702515371999433","809.8482","122.529","1.914","50.44326241134752","61.89885339812053"
"th_qcpg_0.5_llm_gec_aug_1.0","40.70307318151669","33.220338983050844","2023-08-31T00:31:39.000Z","1570","2023-08-31T00:57:49.000Z","0tmsycqy","-","finished","2023-08-31T00:57:49.000Z","","models/claq-qa-th-wangchanberta-th_qcpg_0.5_llm_gec_aug_1.0/runs/Aug31_07-31-38_apex-foobox","models/claq-qa-th-wangchanberta-th_qcpg_0.5_llm_gec_aug_1.0","models/claq-qa-th-wangchanberta-th_qcpg_0.5_llm_gec_aug_1.0","1.576160907745361","5.1173","440.855","3.517","10","2820","0","0.9422","39.15483079081185","52.831535259797874","54.34211219007998","47.04141707703132","38303818190876160","1.837914822625776","1427.9056","126.353","1.975","50.265957446808514","61.75725550022579"
"th_qcpg_0.5_llm_gec_aug_0.9","40.63674552288304","32.6271186440678","2023-08-31T00:05:36.000Z","1500","2023-08-31T00:30:36.000Z","2d2an8x4","-","finished","2023-08-31T00:30:36.000Z","","models/claq-qa-th-wangchanberta-th_qcpg_0.5_llm_gec_aug_0.9/runs/Aug31_07-05-35_apex-foobox","models/claq-qa-th-wangchanberta-th_qcpg_0.5_llm_gec_aug_0.9","models/claq-qa-th-wangchanberta-th_qcpg_0.5_llm_gec_aug_0.9","1.4696862697601318","5.1031","442.086","3.527","10","2680","0","0.9267","38.97948448185166","53.43164221179273","55.04081221699735","47.26361175964079","36388839584947200","1.7675465256420535","1358.4542","126.173","1.973","50.75354609929078","62.16028290380075"
"th_qcpg_0.5_llm_gec_aug_0.8","41.47689586557595","32.79661016949152","2023-08-30T23:40:40.000Z","1433","2023-08-31T00:04:33.000Z","r8xysgjp","-","finished","2023-08-31T00:04:33.000Z","","models/claq-qa-th-wangchanberta-th_qcpg_0.5_llm_gec_aug_0.8/runs/Aug31_06-40-40_apex-foobox","models/claq-qa-th-wangchanberta-th_qcpg_0.5_llm_gec_aug_0.8","models/claq-qa-th-wangchanberta-th_qcpg_0.5_llm_gec_aug_0.8","1.470710039138794","5.1112","441.381","3.522","10","2540","0","0.938","39.680869717692445","53.81615113353967","55.427957146783655","47.63801672853861","34473860979018240","1.8736954996904989","1291.1478","125.764","1.967","50.62056737588652","61.971263820254805"
"th_qcpg_0.5_llm_gec_aug_0.7","40.41565332743754","32.71186440677966","2023-08-30T23:16:46.000Z","1372","2023-08-30T23:39:38.000Z","j9erxz8d","-","finished","2023-08-30T23:39:38.000Z","","models/claq-qa-th-wangchanberta-th_qcpg_0.5_llm_gec_aug_0.7/runs/Aug31_06-16-44_apex-foobox","models/claq-qa-th-wangchanberta-th_qcpg_0.5_llm_gec_aug_0.7","models/claq-qa-th-wangchanberta-th_qcpg_0.5_llm_gec_aug_0.7","1.4969627857208252","5.1171","440.876","3.518","10","2400","0","0.8792","38.82167280378748","52.60169058020339","54.08042493398905","46.93362661226177","32558882373089280","1.7668047078450522","1231.6695","124.514","1.949","49.86702127659574","61.774370600833386"
"th_qcpg_0.5_llm_gec_aug_0.6","41.56533274375415","33.220338983050844","2023-08-30T22:54:07.000Z","1295","2023-08-30T23:15:42.000Z","yfit41li","-","finished","2023-08-30T23:15:42.000Z","","models/claq-qa-th-wangchanberta-th_qcpg_0.5_llm_gec_aug_0.6/runs/Aug31_05-54-06_apex-foobox","models/claq-qa-th-wangchanberta-th_qcpg_0.5_llm_gec_aug_0.6","models/claq-qa-th-wangchanberta-th_qcpg_0.5_llm_gec_aug_0.6","1.443320631980896","5.1072","441.733","3.524","10","2260","0","0.8775","39.838681395756616","53.78213709668611","55.57751419024345","46.900365406721335","30643903767160320","1.7673892265927476","1154.2001","125.056","1.958","50.13297872340426","61.67921709815156"
"th_qcpg_0.5_llm_gec_aug_0.5","39.37652000884369","32.45762711864407","2023-08-30T22:32:42.000Z","1222","2023-08-30T22:53:04.000Z","hoswe9qg","-","finished","2023-08-30T22:53:04.000Z","","models/claq-qa-th-wangchanberta-th_qcpg_0.5_llm_gec_aug_0.5/runs/Aug31_05-32-41_apex-foobox","models/claq-qa-th-wangchanberta-th_qcpg_0.5_llm_gec_aug_0.5","models/claq-qa-th-wangchanberta-th_qcpg_0.5_llm_gec_aug_0.5","1.5329545736312866","5.1019","442.185","3.528","9.98","2110","0","0.8068","37.944941258986496","53.185164344357176","54.754170852297285","47.1710826194323","28659926486405760","1.706702108518772","1082.9498","124.946","1.948","49.512411347517734","61.689598209466865"
"th_qcpg_0.5_llm_gec_aug_0.4","41.12314835286315","34.152542372881356","2023-08-30T22:12:25.000Z","1154","2023-08-30T22:31:39.000Z","9qwpqkye","-","finished","2023-08-30T22:31:39.000Z","","models/claq-qa-th-wangchanberta-th_qcpg_0.5_llm_gec_aug_0.4/runs/Aug31_05-12-25_apex-foobox","models/claq-qa-th-wangchanberta-th_qcpg_0.5_llm_gec_aug_0.4","models/claq-qa-th-wangchanberta-th_qcpg_0.5_llm_gec_aug_0.4","1.482352614402771","5.1091","441.566","3.523","9.97","1970","0","0.8132","39.680869717692445","53.332401056949024","54.69211807141192","48.120536602360865","26746221702165890","1.7023565921686628","1014.9708","124.427","1.941","51.06382978723404","61.99489255066541"
"th_qcpg_0.5_llm_gec_aug_0.3","37.56356400619058","30.847457627118644","2023-08-30T21:53:21.000Z","1081","2023-08-30T22:11:22.000Z","37jigl4s","-","finished","2023-08-30T22:11:22.000Z","","models/claq-qa-th-wangchanberta-th_qcpg_0.5_llm_gec_aug_0.3/runs/Aug31_04-53-21_apex-foobox","models/claq-qa-th-wangchanberta-th_qcpg_0.5_llm_gec_aug_0.3","models/claq-qa-th-wangchanberta-th_qcpg_0.5_llm_gec_aug_0.3","1.4600926637649536","5.1053","441.89","3.526","9.97","1830","0","0.8758","36.173943538488516","51.609919129229525","52.96315591408288","46.42289372423801","24832516917926016","1.7563626148661629","946.3561","123.917","1.934","49.734042553191486","61.36383303675474"
"th_qcpg_0.5_llm_gec_aug_0.2","39.59761220428919","32.96610169491525","2023-08-30T21:35:28.000Z","1010","2023-08-30T21:52:18.000Z","74ognuan","-","finished","2023-08-30T21:52:18.000Z","","models/claq-qa-th-wangchanberta-th_qcpg_0.5_llm_gec_aug_0.2/runs/Aug31_04-35-27_apex-foobox","models/claq-qa-th-wangchanberta-th_qcpg_0.5_llm_gec_aug_0.2","models/claq-qa-th-wangchanberta-th_qcpg_0.5_llm_gec_aug_0.2","1.4436126947402954","5.1024","442.144","3.528","9.97","1690","0","0.774","38.22549535332281","53.259390407805206","54.74827172018635","47.552432631620064","22918812133686144","1.699539866249942","878.3748","123.239","1.924","49.9113475177305","61.87723304803253"
"th_qcpg_0.5_llm_gec_aug_0.1","40.26088879062569","32.11864406779661","2023-08-30T21:18:46.000Z","939","2023-08-30T21:34:25.000Z","l1g22z07","-","finished","2023-08-30T21:34:25.000Z","","models/claq-qa-th-wangchanberta-th_qcpg_0.5_llm_gec_aug_0.1/runs/Aug31_04-18-45_apex-foobox","models/claq-qa-th-wangchanberta-th_qcpg_0.5_llm_gec_aug_0.1","models/claq-qa-th-wangchanberta-th_qcpg_0.5_llm_gec_aug_0.1","1.4382948875427246","5.1093","441.545","3.523","9.97","1550","0","0.8966","38.57618797124321","52.92949242487554","54.66044693774096","46.29465576242746","21005107349446270","1.8174818272744455","810.6956","122.401","1.912","49.423758865248224","61.67784869643453"
"th_qcpg_0.5_aug_1.0","41.52111430466505","32.96610169491525","2023-08-30T20:51:26.000Z","1577","2023-08-30T21:17:43.000Z","97lb47to","-","finished","2023-08-30T21:17:43.000Z","","models/claq-qa-th-wangchanberta-th_qcpg_0.5_aug_1.0/runs/Aug31_03-51-25_apex-foobox","models/claq-qa-th-wangchanberta-th_qcpg_0.5_aug_1.0","models/claq-qa-th-wangchanberta-th_qcpg_0.5_aug_1.0","1.4821206331253052","5.1048","441.937","3.526","10","2820","0","0.9003","39.75100824127652","53.51760825516743","55.11666588279799","47.38833906044603","38303818190876160","1.766559844321393","1428.4753","126.302","1.974","51.551418439716315","62.09144869506719"
"th_qcpg_0.5_aug_0.9","41.852752597833295","33.05084745762712","2023-08-30T20:25:20.000Z","1503","2023-08-30T20:50:23.000Z","1nf3zsf4","-","finished","2023-08-30T20:50:23.000Z","","models/claq-qa-th-wangchanberta-th_qcpg_0.5_aug_0.9/runs/Aug31_03-25-19_apex-foobox","models/claq-qa-th-wangchanberta-th_qcpg_0.5_aug_0.9","models/claq-qa-th-wangchanberta-th_qcpg_0.5_aug_0.9","1.5049337148666382","5.106","441.832","3.525","10","2680","0","0.861","40.03156233561283","53.37601782723426","54.96988895387162","47.26662875454002","36388839584947200","1.7278611425143569","1359.3608","126.089","1.972","49.55673758865248","61.088004524331254"
"th_qcpg_0.5_aug_0.8","40.34932566880389","31.52542372881356","2023-08-30T20:00:20.000Z","1437","2023-08-30T20:24:17.000Z","nhq8myqa","-","finished","2023-08-30T20:24:17.000Z","","models/claq-qa-th-wangchanberta-th_qcpg_0.5_aug_0.8/runs/Aug31_03-00-19_apex-foobox","models/claq-qa-th-wangchanberta-th_qcpg_0.5_aug_0.8","models/claq-qa-th-wangchanberta-th_qcpg_0.5_aug_0.8","1.5748591423034668","5.1183","440.768","3.517","10","2540","0","0.9092","38.523584078555146","52.83335710714457","54.528230772521134","46.33682016774107","34473860979018240","1.8065619160809856","1292.43","125.639","1.965","49.512411347517734","61.128092265647055"
"th_qcpg_0.5_aug_0.7","41.808534158744195","33.13559322033898","2023-08-30T19:36:33.000Z","1364","2023-08-30T19:59:17.000Z","54egs6bm","-","finished","2023-08-30T19:59:17.000Z","","models/claq-qa-th-wangchanberta-th_qcpg_0.5_aug_0.7/runs/Aug31_02-36-33_apex-foobox","models/claq-qa-th-wangchanberta-th_qcpg_0.5_aug_0.7","models/claq-qa-th-wangchanberta-th_qcpg_0.5_aug_0.7","1.5047544240951538","5.1044","441.97","3.526","10","2400","0","0.9817","40.01402770471682","53.50759298257162","55.06046215078173","47.55536650137451","32558882373089280","1.8298487917582191","1223.3112","125.365","1.962","50.576241134751776","61.956291053260585"
"th_qcpg_0.5_aug_0.6","38.62480654432898","32.20338983050848","2023-08-30T19:13:56.000Z","1295","2023-08-30T19:35:31.000Z","047qaxqu","-","finished","2023-08-30T19:35:31.000Z","","models/claq-qa-th-wangchanberta-th_qcpg_0.5_aug_0.6/runs/Aug31_02-13-55_apex-foobox","models/claq-qa-th-wangchanberta-th_qcpg_0.5_aug_0.6","models/claq-qa-th-wangchanberta-th_qcpg_0.5_aug_0.6","1.535662293434143","5.1056","441.864","3.526","10","2260","0","0.8299","37.29615991583377","51.79584098914867","53.09805106675874","46.804403547598966","30643903767160320","1.718813296967903","1154.299","125.046","1.958","48.537234042553195","60.699606192265605"
"th_qcpg_0.5_aug_0.5","39.64183064337829","32.45762711864407","2023-08-30T18:52:30.000Z","1223","2023-08-30T19:12:53.000Z","rfmvy6kj","-","finished","2023-08-30T19:12:53.000Z","","models/claq-qa-th-wangchanberta-th_qcpg_0.5_aug_0.5/runs/Aug31_01-52-30_apex-foobox","models/claq-qa-th-wangchanberta-th_qcpg_0.5_aug_0.5","models/claq-qa-th-wangchanberta-th_qcpg_0.5_aug_0.5","1.506660223007202","5.102","442.176","3.528","9.98","2110","0","0.7877","38.155356829738736","53.197104672817815","54.56769114486555","47.94357703462285","28659926486405760","1.7192761317248593","1083.0447","124.935","1.948","50.22163120567376","62.29115803345107"
"th_qcpg_0.5_aug_0.4","41.91908025646695","33.644067796610166","2023-08-30T18:32:17.000Z","1150","2023-08-30T18:51:27.000Z","2n97zyz0","-","finished","2023-08-30T18:51:27.000Z","","models/claq-qa-th-wangchanberta-th_qcpg_0.5_aug_0.4/runs/Aug31_01-32-17_apex-foobox","models/claq-qa-th-wangchanberta-th_qcpg_0.5_aug_0.4","models/claq-qa-th-wangchanberta-th_qcpg_0.5_aug_0.4","1.469735622406006","5.0989","442.448","3.53","9.97","1970","0","0.8033","40.20690864457303","53.67794704290598","55.184755387005275","47.90227404260133","26746221702165890","1.672610953858661","1014.542","124.48","1.942","50.797872340425535","62.52921201978622"
"th_qcpg_0.5_aug_0.3","38.55847888569534","32.28813559322034","2023-08-30T18:13:11.000Z","1082","2023-08-30T18:31:13.000Z","ugrh0kh4","-","finished","2023-08-30T18:31:13.000Z","","models/claq-qa-th-wangchanberta-th_qcpg_0.5_aug_0.3/runs/Aug31_01-13-11_apex-foobox","models/claq-qa-th-wangchanberta-th_qcpg_0.5_aug_0.3","models/claq-qa-th-wangchanberta-th_qcpg_0.5_aug_0.3","1.4253640174865725","5.1214","440.507","3.515","9.97","1830","0","0.7724","37.26109065404173","52.86275481494499","54.18252781734014","47.80399778966408","24832516917926016","1.6856848794905863","946.8806","123.849","1.933","49.77836879432624","61.78575745527645"
"th_qcpg_0.5_aug_0.2","40.28299801017024","32.11864406779661","2023-08-30T17:55:22.000Z","1006","2023-08-30T18:12:08.000Z","aud8nauz","-","finished","2023-08-30T18:12:08.000Z","","models/claq-qa-th-wangchanberta-th_qcpg_0.5_aug_0.2/runs/Aug31_00-55-21_apex-foobox","models/claq-qa-th-wangchanberta-th_qcpg_0.5_aug_0.2","models/claq-qa-th-wangchanberta-th_qcpg_0.5_aug_0.2","1.423486590385437","5.1072","441.731","3.524","9.97","1690","0","0.8259","38.59372260213922","53.20708492077324","54.90380553719416","46.70346852410357","22918812133686144","1.720711928147536","878.4171","123.233","1.924","49.423758865248224","61.12564310428832"
"th_qcpg_0.5_aug_0.1","40.41565332743754","33.983050847457626","2023-08-30T17:38:40.000Z","939","2023-08-30T17:54:19.000Z","zhffx5d8","-","finished","2023-08-30T17:54:19.000Z","","models/claq-qa-th-wangchanberta-th_qcpg_0.5_aug_0.1/runs/Aug31_00-38-40_apex-foobox","models/claq-qa-th-wangchanberta-th_qcpg_0.5_aug_0.1","models/claq-qa-th-wangchanberta-th_qcpg_0.5_aug_0.1","1.4163941144943235","5.1018","442.196","3.528","9.97","1550","0","0.778","39.08469226722777","54.01246543745484","55.39708016794681","48.7051667713415","21005107349446270","1.676411615187122","809.402","122.597","1.915","50.75354609929078","62.27790999126266"
"th_qcpg_0.2_llm_gec_aug_1.0","41.69798806102145","31.440677966101696","2023-08-30T17:11:22.000Z","1575","2023-08-30T17:37:37.000Z","dv05z1xg","-","finished","2023-08-30T17:37:37.000Z","","models/claq-qa-th-wangchanberta-th_qcpg_0.2_llm_gec_aug_1.0/runs/Aug31_00-11-21_apex-foobox","models/claq-qa-th-wangchanberta-th_qcpg_0.2_llm_gec_aug_1.0","models/claq-qa-th-wangchanberta-th_qcpg_0.2_llm_gec_aug_1.0","1.4896738529205322","5.1082","441.642","3.524","10","2820","0","0.9561","39.57566193231632","53.721778762129766","55.546261696976714","46.728442902543904","38303818190876160","1.8050122849484709","1426.8475","126.447","1.976","49.24645390070922","61.14804438509859"
"th_qcpg_0.2_llm_gec_aug_0.9","40.79151005969489","32.11864406779661","2023-08-30T16:44:22.000Z","1557","2023-08-30T17:10:19.000Z","d3e33v1b","-","finished","2023-08-30T17:10:19.000Z","","models/claq-qa-th-wangchanberta-th_qcpg_0.2_llm_gec_aug_0.9/runs/Aug30_23-44-22_apex-foobox","models/claq-qa-th-wangchanberta-th_qcpg_0.2_llm_gec_aug_0.9","models/claq-qa-th-wangchanberta-th_qcpg_0.2_llm_gec_aug_0.9","1.5087615251541138","5.1053","441.895","3.526","10","2680","0","0.9273","38.99701911274768","53.343400832704965","54.79030879133685","47.797329055678986","36388839584947200","1.7727898839694352","1410.93","121.48","1.899","48.226950354609926","60.13144299855487"
"th_qcpg_0.2_llm_gec_aug_0.8","40.70307318151669","32.28813559322034","2023-08-30T16:18:36.000Z","1483","2023-08-30T16:43:19.000Z","muqztjwp","-","finished","2023-08-30T16:43:19.000Z","","models/claq-qa-th-wangchanberta-th_qcpg_0.2_llm_gec_aug_0.8/runs/Aug30_23-18-36_apex-foobox","models/claq-qa-th-wangchanberta-th_qcpg_0.2_llm_gec_aug_0.8","models/claq-qa-th-wangchanberta-th_qcpg_0.2_llm_gec_aug_0.8","1.4960206747055054","5.1168","440.899","3.518","10","2540","0","0.9795","38.96194985095564","53.51746985285178","55.16002601834868","47.22146855069887","34473860979018240","1.9070055323322928","1338.8838","121.28","1.897","48.758865248226954","60.92760667228757"
"th_qcpg_0.2_llm_gec_aug_0.7","42.118063232367895","32.71186440677966","2023-08-30T15:53:35.000Z","1438","2023-08-30T16:17:33.000Z","3a0imad2","-","finished","2023-08-30T16:17:33.000Z","","models/claq-qa-th-wangchanberta-th_qcpg_0.2_llm_gec_aug_0.7/runs/Aug30_22-53-34_apex-foobox","models/claq-qa-th-wangchanberta-th_qcpg_0.2_llm_gec_aug_0.7","models/claq-qa-th-wangchanberta-th_qcpg_0.2_llm_gec_aug_0.7","1.4521397352218628","5.3917","418.42","3.338","10","2400","0","0.8714","40.171839382780995","54.372233583178726","56.06651171252883","47.87797936364563","32558882373089280","1.7836729494730632","1291.4918","118.746","1.858","51.81737588652482","62.7935905683584"
"th_qcpg_0.2_llm_gec_aug_0.6","41.499005085120494","32.79661016949152","2023-08-30T15:29:35.000Z","1377","2023-08-30T15:52:32.000Z","q8g71t8d","-","finished","2023-08-30T15:52:32.000Z","","models/claq-qa-th-wangchanberta-th_qcpg_0.2_llm_gec_aug_0.6/runs/Aug30_22-29-34_apex-foobox","models/claq-qa-th-wangchanberta-th_qcpg_0.2_llm_gec_aug_0.6","models/claq-qa-th-wangchanberta-th_qcpg_0.2_llm_gec_aug_0.6","1.4516761302947998","5.4059","417.322","3.33","10","2260","0","0.8218","39.69840434858846","54.059938446720516","55.80911851997466","47.35524228457927","30643903767160320","1.6933188581888654","1230.9894","117.255","1.836","50.44326241134752","61.88301485333968"
"th_qcpg_0.2_llm_gec_aug_0.5","42.05173557373425","33.389830508474574","2023-08-30T15:06:41.000Z","1311","2023-08-30T15:28:32.000Z","wx4ek1j2","-","finished","2023-08-30T15:28:32.000Z","","models/claq-qa-th-wangchanberta-th_qcpg_0.2_llm_gec_aug_0.5/runs/Aug30_22-06-40_apex-foobox","models/claq-qa-th-wangchanberta-th_qcpg_0.2_llm_gec_aug_0.5","models/claq-qa-th-wangchanberta-th_qcpg_0.2_llm_gec_aug_0.5","1.4883416891098022","5.3789","419.417","3.346","9.98","2110","0","0.9004","40.25951253726109","53.82806832769919","55.44155456103847","47.64349355363811","28659926486405760","1.7936620775557242","1150.5801","117.602","1.834","49.734042553191486","61.444191591868"
"th_qcpg_0.2_llm_gec_aug_0.4","41.69798806102145","31.271186440677965","2023-08-30T14:45:17.000Z","1220","2023-08-30T15:05:37.000Z","tnpijqht","-","finished","2023-08-30T15:05:37.000Z","","models/claq-qa-th-wangchanberta-th_qcpg_0.2_llm_gec_aug_0.4/runs/Aug30_21-45-17_apex-foobox","models/claq-qa-th-wangchanberta-th_qcpg_0.2_llm_gec_aug_0.4","models/claq-qa-th-wangchanberta-th_qcpg_0.2_llm_gec_aug_0.4","1.5054991245269775","5.4316","415.351","3.314","9.97","1970","0","0.8577","39.54059267052428","53.1252459263684","54.80729030127727","46.67788430966398","26746221702165890","1.7458699570089429","1078.6772","117.079","1.826","49.55673758865248","61.007260611844465"
"th_qcpg_0.2_llm_gec_aug_0.3","39.42073844793279","31.864406779661017","2023-08-30T14:25:03.000Z","1152","2023-08-30T14:44:15.000Z","uczo53zo","-","finished","2023-08-30T14:44:15.000Z","","models/claq-qa-th-wangchanberta-th_qcpg_0.2_llm_gec_aug_0.3/runs/Aug30_21-25-02_apex-foobox","models/claq-qa-th-wangchanberta-th_qcpg_0.2_llm_gec_aug_0.3","models/claq-qa-th-wangchanberta-th_qcpg_0.2_llm_gec_aug_0.3","1.4001106023788452","5.2089","433.102","3.456","9.97","1830","0","1.0326","37.8572681045064","52.74567698740387","54.141332237724846","47.39605944740371","24832516917926016","1.8830279907893612","1010.1462","116.092","1.812","48.8918439716312","60.76994395211863"
"th_qcpg_0.2_llm_gec_aug_0.2","40.76940084015034","32.45762711864407","2023-08-30T14:06:21.000Z","1059","2023-08-30T14:24:00.000Z","k8pupbhl","-","finished","2023-08-30T14:24:00.000Z","","models/claq-qa-th-wangchanberta-th_qcpg_0.2_llm_gec_aug_0.2/runs/Aug30_21-06-21_apex-foobox","models/claq-qa-th-wangchanberta-th_qcpg_0.2_llm_gec_aug_0.2","models/claq-qa-th-wangchanberta-th_qcpg_0.2_llm_gec_aug_0.2","1.447909951210022","5.6248","401.079","3.2","9.97","1690","0","0.8691","39.049623005435734","53.4666743224338","55.04008253619084","47.43572063529688","22918812133686144","1.7763604158480493","919.125","117.775","1.839","50.53191489361702","62.212477587905816"
"th_qcpg_0.2_llm_gec_aug_0.1","41.764315719655094","35.08474576271186","2023-08-30T13:49:12.000Z","967","2023-08-30T14:05:19.000Z","alp7ji3v","-","finished","2023-08-30T14:05:19.000Z","","models/claq-qa-th-wangchanberta-th_qcpg_0.2_llm_gec_aug_0.1/runs/Aug30_20-49-12_apex-foobox","models/claq-qa-th-wangchanberta-th_qcpg_0.2_llm_gec_aug_0.1","models/claq-qa-th-wangchanberta-th_qcpg_0.2_llm_gec_aug_0.1","1.4289054870605469","5.5193","408.744","3.261","9.97","1550","0","0.8514","40.38225495353323","54.61725891464046","56.053190321953345","49.113260816949754","21005107349446270","1.81384759718372","832.2622","119.229","1.862","51.1081560283688","62.77772081493278"
"th_qcpg_0.2_aug_1.0","40.94627459650674","32.79661016949152","2023-08-30T13:21:09.000Z","1620","2023-08-30T13:48:09.000Z","6ywczj9m","-","finished","2023-08-30T13:48:09.000Z","","models/claq-qa-th-wangchanberta-th_qcpg_0.2_aug_1.0/runs/Aug30_20-21-09_apex-foobox","models/claq-qa-th-wangchanberta-th_qcpg_0.2_aug_1.0","models/claq-qa-th-wangchanberta-th_qcpg_0.2_aug_1.0","1.47385835647583","5.4107","416.951","3.327","10","2820","0","0.9479","39.26003857618797","53.646961287631854","55.18642108758328","47.74613359680265","38303818190876160","1.838892456487561","1471.2963","122.627","1.917","51.241134751773046","62.469355001086726"
"th_qcpg_0.2_aug_0.9","39.90714127791289","33.05084745762712","2023-08-30T12:54:00.000Z","1566","2023-08-30T13:20:06.000Z","l030zv3r","-","finished","2023-08-30T13:20:06.000Z","","models/claq-qa-th-wangchanberta-th_qcpg_0.2_aug_0.9/runs/Aug30_19-53-59_apex-foobox","models/claq-qa-th-wangchanberta-th_qcpg_0.2_aug_0.9","models/claq-qa-th-wangchanberta-th_qcpg_0.2_aug_0.9","1.5483423471450806","5.3931","418.311","3.338","10","2680","0","0.8763","38.48851481676311","53.50301393053122","54.97532555641779","47.85956860520668","36388839584947200","1.748355341669339","1417.8228","120.89","1.89","49.24645390070922","61.26900811589939"
"th_qcpg_0.2_aug_0.8","39.77448596064559","31.779661016949152","2023-08-30T12:28:18.000Z","1479","2023-08-30T12:52:57.000Z","23ww6bnc","-","finished","2023-08-30T12:52:57.000Z","","models/claq-qa-th-wangchanberta-th_qcpg_0.2_aug_0.8/runs/Aug30_19-28-18_apex-foobox","models/claq-qa-th-wangchanberta-th_qcpg_0.2_aug_0.8","models/claq-qa-th-wangchanberta-th_qcpg_0.2_aug_0.8","1.5803440809249878","5.1056","441.864","3.526","10","2540","0","0.8406","38.1202875679467","52.83955024886644","54.434586557697806","46.72569497357636","34473860979018240","1.7399047551192637","1330.9734","122.001","1.908","49.734042553191486","61.87832482263029"
"th_qcpg_0.2_aug_0.7","40.83572849878399","32.11864406779661","2023-08-30T12:03:16.000Z","1439","2023-08-30T12:27:15.000Z","lxf15frd","-","finished","2023-08-30T12:27:15.000Z","","models/claq-qa-th-wangchanberta-th_qcpg_0.2_aug_0.7/runs/Aug30_19-03-16_apex-foobox","models/claq-qa-th-wangchanberta-th_qcpg_0.2_aug_0.7","models/claq-qa-th-wangchanberta-th_qcpg_0.2_aug_0.7","1.5087305307388306","5.2438","430.222","3.433","10","2400","0","0.8548","39.03208837453972","53.12403896285138","54.77584365407682","46.79258759131644","32558882373089280","1.7821474838256837","1292.3582","118.667","1.857","50.53191489361702","61.9181806533698"
"th_qcpg_0.2_aug_0.6","39.46495688702189","31.694915254237287","2023-08-30T11:40:07.000Z","1326","2023-08-30T12:02:13.000Z","omyrv5en","-","finished","2023-08-30T12:02:13.000Z","","models/claq-qa-th-wangchanberta-th_qcpg_0.2_aug_0.6/runs/Aug30_18-40-06_apex-foobox","models/claq-qa-th-wangchanberta-th_qcpg_0.2_aug_0.6","models/claq-qa-th-wangchanberta-th_qcpg_0.2_aug_0.6","1.4931740760803225","5.4758","411.994","3.287","10","2260","0","0.8159","37.8572681045064","52.16955285216547","53.75502952552283","46.09234014572997","30643903767160320","1.6952196847021053","1183.0566","122.006","1.91","47.82801418439716","60.148433044899015"
"th_qcpg_0.2_aug_0.5","40.17245191244749","32.45762711864407","2023-08-30T11:18:40.000Z","1224","2023-08-30T11:39:04.000Z","wacuymf7","-","finished","2023-08-30T11:39:04.000Z","","models/claq-qa-th-wangchanberta-th_qcpg_0.2_aug_0.5/runs/Aug30_18-18-39_apex-foobox","models/claq-qa-th-wangchanberta-th_qcpg_0.2_aug_0.5","models/claq-qa-th-wangchanberta-th_qcpg_0.2_aug_0.5","1.490272045135498","5.1116","441.347","3.521","9.98","2110","0","0.8156","38.57618797124321","53.344932855616634","54.90563514528384","47.36268162157995","28659926486405760","1.7256543489429057","1081.5495","125.108","1.951","48.537234042553195","60.48452195277382"
"th_qcpg_0.2_aug_0.4","40.48198098607119","32.96610169491525","2023-08-30T10:58:28.000Z","1149","2023-08-30T11:17:37.000Z","9glcvee0","-","finished","2023-08-30T11:17:37.000Z","","models/claq-qa-th-wangchanberta-th_qcpg_0.2_aug_0.4/runs/Aug30_17-58-27_apex-foobox","models/claq-qa-th-wangchanberta-th_qcpg_0.2_aug_0.4","models/claq-qa-th-wangchanberta-th_qcpg_0.2_aug_0.4","1.5226012468338013","5.1093","441.552","3.523","9.97","1970","0","0.7911","38.926880589163595","53.115878232087","54.453160758634375","47.99000631041574","26746221702165890","1.6863671084951024","1013.28","124.635","1.944","50.0886524822695","61.59703135395411"
"th_qcpg_0.2_aug_0.3","38.66902498341808","31.35593220338983","2023-08-30T10:39:25.000Z","1080","2023-08-30T10:57:25.000Z","jil1sa7b","-","finished","2023-08-30T10:57:25.000Z","","models/claq-qa-th-wangchanberta-th_qcpg_0.2_aug_0.3/runs/Aug30_17-39-25_apex-foobox","models/claq-qa-th-wangchanberta-th_qcpg_0.2_aug_0.3","models/claq-qa-th-wangchanberta-th_qcpg_0.2_aug_0.3","1.4751427173614502","5.1078","441.679","3.524","9.97","1830","0","0.8025","37.155882868665614","52.324790648453586","53.84825732535498","46.48526541148505","24832516917926016","1.6837559267471396","945.1013","124.082","1.936","49.60106382978723","61.553010112603474"
"th_qcpg_0.2_aug_0.2","39.73026752155649","32.11864406779661","2023-08-30T10:21:33.000Z","1010","2023-08-30T10:38:23.000Z","590qnais","-","finished","2023-08-30T10:38:23.000Z","","models/claq-qa-th-wangchanberta-th_qcpg_0.2_aug_0.2/runs/Aug30_17-21-33_apex-foobox","models/claq-qa-th-wangchanberta-th_qcpg_0.2_aug_0.2","models/claq-qa-th-wangchanberta-th_qcpg_0.2_aug_0.2","1.4712399244308472","5.1026","442.126","3.528","9.97","1690","0","0.8443","38.155356829738736","53.08285514028956","54.74259371373966","46.72099279476972","22918812133686144","1.7515532454090006","876.8875","123.448","1.927","48.93617021276596","61.117703102997254"
"th_qcpg_0.2_aug_0.1","41.366349767853194","32.28813559322034","2023-08-30T10:04:53.000Z","938","2023-08-30T10:20:31.000Z","myb3dt8d","-","finished","2023-08-30T10:20:31.000Z","","models/claq-qa-th-wangchanberta-th_qcpg_0.2_aug_0.1/runs/Aug30_17-04-52_apex-foobox","models/claq-qa-th-wangchanberta-th_qcpg_0.2_aug_0.1","models/claq-qa-th-wangchanberta-th_qcpg_0.2_aug_0.1","1.4167159795761108","5.1111","441.395","3.522","9.97","1550","0","0.7894","39.48798877783623","54.175117836939506","55.94473940600064","47.39206838197195","21005107349446270","1.6958850491431452","808.7132","122.701","1.917","50.177304964539005","62.09332760226884"
"th_ltw2v_aug_1.0","41.30002210921955","34.83050847457627","2023-08-30T09:37:39.000Z","1571","2023-08-30T10:03:50.000Z","ofrxgzmv","-","finished","2023-08-30T10:03:50.000Z","","models/claq-qa-th-wangchanberta-th_ltw2v_aug_1.0/runs/Aug30_16-37-27_apex-foobox","models/claq-qa-th-wangchanberta-th_ltw2v_aug_1.0","models/claq-qa-th-wangchanberta-th_ltw2v_aug_1.0","1.634790301322937","5.1017","442.209","3.528","10","2820","0","0.3545","39.961423812028755","55.25424078906291","56.61819218188703","50.026145746908405","38303818190876160","1.2163666718395043","1425.1385","126.598","1.979","52.12765957446808","63.83241539914969"
"th_ltw2v_aug_0.9","37.939420738447936","33.898305084745765","2023-08-30T09:11:14.000Z","1511","2023-08-30T09:36:25.000Z","vnp6f2ha","-","finished","2023-08-30T09:36:25.000Z","","models/claq-qa-th-wangchanberta-th_ltw2v_aug_0.9/runs/Aug30_16-11-13_apex-foobox","models/claq-qa-th-wangchanberta-th_ltw2v_aug_0.9","models/claq-qa-th-wangchanberta-th_ltw2v_aug_0.9","1.667277693748474","5.108","441.664","3.524","10","2680","0","0.3788","37.10327897597755","53.657582484587024","54.72050603930728","49.583342452385295","36388839584947200","1.2406536386973823","1370.1261","125.098","1.956","48.758865248226954","61.89353541322084"
"th_ltw2v_aug_0.8","40.08401503426929","33.898305084745765","2023-08-30T08:46:21.000Z","1430","2023-08-30T09:10:11.000Z","iw744ebh","-","finished","2023-08-30T09:10:11.000Z","","models/claq-qa-th-wangchanberta-th_ltw2v_aug_0.8/runs/Aug30_15-46-20_apex-foobox","models/claq-qa-th-wangchanberta-th_ltw2v_aug_0.8","models/claq-qa-th-wangchanberta-th_ltw2v_aug_0.8","1.5970220565795898","5.1095","441.533","3.523","10","2540","0","0.4568","38.80413817289146","54.558625534229535","55.84924112135799","49.6116303642458","34473860979018240","1.4892728309931718","1292.0257","125.679","1.966","51.462765957446805","63.38229449377223"
"th_ltw2v_aug_0.7","41.30002210921955","33.30508474576271","2023-08-30T08:22:40.000Z","1358","2023-08-30T08:45:18.000Z","2h69ivpz","-","finished","2023-08-30T08:45:18.000Z","","models/claq-qa-th-wangchanberta-th_ltw2v_aug_0.7/runs/Aug30_15-22-39_apex-foobox","models/claq-qa-th-wangchanberta-th_ltw2v_aug_0.7","models/claq-qa-th-wangchanberta-th_ltw2v_aug_0.7","1.5774118900299072","5.1208","440.556","3.515","10","2400","0","0.5363","39.64580045590041","54.02728451112672","55.334891618612026","49.015159979639826","32558882373089280","1.3917030906677246","1223.2548","125.37","1.962","51.1081560283688","62.9155719978233"
"th_ltw2v_aug_0.6","38.18262215343798","34.49152542372882","2023-08-30T08:00:08.000Z","1289","2023-08-30T08:21:37.000Z","osqxtnjt","-","finished","2023-08-30T08:21:37.000Z","","models/claq-qa-th-wangchanberta-th_ltw2v_aug_0.6/runs/Aug30_15-00-07_apex-foobox","models/claq-qa-th-wangchanberta-th_ltw2v_aug_0.6","models/claq-qa-th-wangchanberta-th_ltw2v_aug_0.6","1.488951563835144","5.1098","441.502","3.523","10","2260","0","0.5823","37.41890233210591","54.36935429152253","55.56989001708195","49.76763981126544","30643903767160320","1.549734024452952","1154.9896","124.971","1.957","50.044326241134755","62.3187344864153"
"th_ltw2v_aug_0.5","39.11120937430909","33.30508474576271","2023-08-30T07:38:48.000Z","1217","2023-08-30T07:59:05.000Z","j87bp3en","-","finished","2023-08-30T07:59:05.000Z","","models/claq-qa-th-wangchanberta-th_ltw2v_aug_0.5/runs/Aug30_14-38-47_apex-foobox","models/claq-qa-th-wangchanberta-th_ltw2v_aug_0.5","models/claq-qa-th-wangchanberta-th_ltw2v_aug_0.5","1.525491714477539","5.1175","440.836","3.517","9.98","2110","0","0.5271","37.90987199719446","53.3323601927039","54.59911204727515","48.47683592302238","28659926486405760","1.4222220868295967","1084.422","124.776","1.946","49.60106382978723","61.84478197658742"
"th_ltw2v_aug_0.4","40.63674552288304","34.83050847457627","2023-08-30T07:18:37.000Z","1148","2023-08-30T07:37:45.000Z","ewkmxn4a","-","finished","2023-08-30T07:37:45.000Z","","models/claq-qa-th-wangchanberta-th_ltw2v_aug_0.4/runs/Aug30_14-18-37_apex-foobox","models/claq-qa-th-wangchanberta-th_ltw2v_aug_0.4","models/claq-qa-th-wangchanberta-th_ltw2v_aug_0.4","1.461948275566101","5.1165","440.923","3.518","9.97","1970","0","0.5639","39.43538488514817","54.43323826296139","55.689592375453344","49.617569067368336","26746221702165890","1.4803914220199972","1015.9715","124.305","1.939","51.3741134751773","63.374315874120384"
"th_ltw2v_aug_0.3","40.50409020561574","31.610169491525426","2023-08-30T06:59:38.000Z","1076","2023-08-30T07:17:34.000Z","ke7kmzfq","-","finished","2023-08-30T07:17:34.000Z","","models/claq-qa-th-wangchanberta-th_ltw2v_aug_0.3/runs/Aug30_13-59-38_apex-foobox","models/claq-qa-th-wangchanberta-th_ltw2v_aug_0.3","models/claq-qa-th-wangchanberta-th_ltw2v_aug_0.3","1.487403392791748","5.1114","441.367","3.522","9.97","1830","0","0.7477","38.6638611257233","53.63796275248795","55.17605465803724","47.74237827045592","24832516917926016","1.7306598100505892","947.6025","123.754","1.931","51.3741134751773","62.75963232450968"
"th_ltw2v_aug_0.2","39.50917532611099","32.54237288135593","2023-08-30T06:41:49.000Z","1007","2023-08-30T06:58:36.000Z","eqkxycm2","-","finished","2023-08-30T06:58:36.000Z","","models/claq-qa-th-wangchanberta-th_ltw2v_aug_0.2/runs/Aug30_13-41-48_apex-foobox","models/claq-qa-th-wangchanberta-th_ltw2v_aug_0.2","models/claq-qa-th-wangchanberta-th_ltw2v_aug_0.2","1.4875489473342896","5.1104","441.454","3.522","9.97","1690","0","0.6881","38.067683675258635","54.007408248264994","55.54409806180925","48.11719805618112","22918812133686144","1.5890860247188772","879.2962","123.11","1.922","50.177304964539005","62.68218896949924"
"th_ltw2v_aug_0.1","39.95135971700199","33.30508474576271","2023-08-30T06:25:11.000Z","935","2023-08-30T06:40:46.000Z","0mkoitg5","-","finished","2023-08-30T06:40:46.000Z","","models/claq-qa-th-wangchanberta-th_ltw2v_aug_0.1/runs/Aug30_13-25-11_apex-foobox","models/claq-qa-th-wangchanberta-th_ltw2v_aug_0.1","models/claq-qa-th-wangchanberta-th_ltw2v_aug_0.1","1.4034655094146729","5.1159","440.977","3.518","9.97","1550","0","0.6903","38.57618797124321","53.82429763382525","55.28331703163703","48.23180209458701","21005107349446270","1.6275815163889238","811.4154","122.292","1.91","51.32978723404256","62.76032412049478"
"th_llm_paraphrase_aug_1.0","41.43267742648685","32.96610169491525","2023-08-30T05:57:57.000Z","1571","2023-08-30T06:24:08.000Z","xan6nfpi","-","finished","2023-08-30T06:24:08.000Z","","models/claq-qa-th-wangchanberta-th_llm_paraphrase_aug_1.0/runs/Aug30_12-57-56_apex-foobox","models/claq-qa-th-wangchanberta-th_llm_paraphrase_aug_1.0","models/claq-qa-th-wangchanberta-th_llm_paraphrase_aug_1.0","1.466066598892212","5.1055","441.875","3.526","10","2820","0","0.6931","39.680869717692445","53.8992628930083","55.53481866492171","47.630094455412845","38303818190876160","1.574609071988586","1427.2154","126.414","1.976","51.551418439716315","63.221657473847785"
"th_llm_paraphrase_aug_0.9","41.83064337828875","34.152542372881356","2023-08-30T05:31:54.000Z","1500","2023-08-30T05:56:54.000Z","4xh7vkxr","-","finished","2023-08-30T05:56:54.000Z","","models/claq-qa-th-wangchanberta-th_llm_paraphrase_aug_0.9/runs/Aug30_12-31-53_apex-foobox","models/claq-qa-th-wangchanberta-th_llm_paraphrase_aug_0.9","models/claq-qa-th-wangchanberta-th_llm_paraphrase_aug_0.9","1.5103617906570437","5.1095","441.535","3.523","10","2680","0","0.6652","40.24197790636507","54.316511611457095","55.83545916671859","48.494308397519816","36388839584947200","1.5353805428120628","1358.7664","126.144","1.972","50.39893617021277","62.13427251345753"
"th_llm_paraphrase_aug_0.8","40.68096396197214","32.79661016949152","2023-08-30T05:06:58.000Z","1433","2023-08-30T05:30:51.000Z","5mljjblr","-","finished","2023-08-30T05:30:51.000Z","","models/claq-qa-th-wangchanberta-th_llm_paraphrase_aug_0.8/runs/Aug30_12-06-57_apex-foobox","models/claq-qa-th-wangchanberta-th_llm_paraphrase_aug_0.8","models/claq-qa-th-wangchanberta-th_llm_paraphrase_aug_0.8","1.509411334991455","5.1049","441.932","3.526","10","2540","0","0.6937","39.049623005435734","53.46693849748423","55.03577219277374","47.45351917223632","34473860979018240","1.5683708611435778","1290.3153","125.845","1.969","49.9113475177305","61.92047057294947"
"th_llm_paraphrase_aug_0.7","42.7371213796153","32.3728813559322","2023-08-30T04:43:11.000Z","1364","2023-08-30T05:05:55.000Z","nuvh4q7s","-","finished","2023-08-30T05:05:55.000Z","","models/claq-qa-th-wangchanberta-th_llm_paraphrase_aug_0.7/runs/Aug30_11-43-10_apex-foobox","models/claq-qa-th-wangchanberta-th_llm_paraphrase_aug_0.7","models/claq-qa-th-wangchanberta-th_llm_paraphrase_aug_0.7","1.4488224983215332","5.1121","441.309","3.521","10","2400","0","0.7025","40.59267052428547","54.61272152225632","56.48565102107059","47.43368751959912","32558882373089280","1.631677621205648","1223.0585","125.391","1.962","49.86702127659574","61.927747815967514"
"th_llm_paraphrase_aug_0.6","39.95135971700199","34.23728813559322","2023-08-30T04:20:34.000Z","1294","2023-08-30T04:42:08.000Z","7kks15o6","-","finished","2023-08-30T04:42:08.000Z","","models/claq-qa-th-wangchanberta-th_llm_paraphrase_aug_0.6/runs/Aug30_11-20-33_apex-foobox","models/claq-qa-th-wangchanberta-th_llm_paraphrase_aug_0.6","models/claq-qa-th-wangchanberta-th_llm_paraphrase_aug_0.6","1.5205893516540527","5.1109","441.406","3.522","10","2260","0","0.7045","38.769068911099424","54.03374221970593","55.50371507567321","48.39926151840235","30643903767160320","1.604870855280783","1154.4128","125.033","1.958","50.265957446808514","62.21019711613428"
"th_llm_paraphrase_aug_0.5","39.53128454565554","32.3728813559322","2023-08-30T03:59:10.000Z","1221","2023-08-30T04:19:31.000Z","hod9tznq","-","finished","2023-08-30T04:19:31.000Z","","models/claq-qa-th-wangchanberta-th_llm_paraphrase_aug_0.5/runs/Aug30_10-59-09_apex-foobox","models/claq-qa-th-wangchanberta-th_llm_paraphrase_aug_0.5","models/claq-qa-th-wangchanberta-th_llm_paraphrase_aug_0.5","1.5048757791519165","5.1153","441.027","3.519","9.98","2110","0","0.6819","38.05014904436262","53.28668757673628","54.849970591553344","47.29454429197699","28659926486405760","1.5794410524775069","1084.1855","124.803","1.946","50.13297872340426","61.80240096522172"
"th_llm_paraphrase_aug_0.4","40.23877957108114","33.05084745762712","2023-08-30T03:38:18.000Z","1190","2023-08-30T03:58:08.000Z","8sr74bs2","-","finished","2023-08-30T03:58:08.000Z","","models/claq-qa-th-wangchanberta-th_llm_paraphrase_aug_0.4/runs/Aug30_10-38-18_apex-foobox","models/claq-qa-th-wangchanberta-th_llm_paraphrase_aug_0.4","models/claq-qa-th-wangchanberta-th_llm_paraphrase_aug_0.4","1.4713715314865112","5.1122","441.294","3.521","9.97","1970","0","0.709","38.7515342802034","53.613191619908115","55.01617834238945","48.23547217433061","26746221702165890","1.6111805484984731","1048.1402","120.49","1.88","50.177304964539005","61.81328631735396"
"th_llm_paraphrase_aug_0.3","38.07207605571523","31.440677966101696","2023-08-30T03:19:01.000Z","1095","2023-08-30T03:37:16.000Z","1me7hv3n","-","finished","2023-08-30T03:37:16.000Z","","models/claq-qa-th-wangchanberta-th_llm_paraphrase_aug_0.3/runs/Aug30_10-19-01_apex-foobox","models/claq-qa-th-wangchanberta-th_llm_paraphrase_aug_0.3","models/claq-qa-th-wangchanberta-th_llm_paraphrase_aug_0.3","1.395920753479004","5.1128","441.242","3.521","9.97","1830","0","0.7146","36.699982465369104","52.4124592848265","53.65554611520247","47.64764425619192","24832516917926016","1.6475638217613344","949.9989","123.442","1.926","49.77836879432624","62.020877559964134"
"th_llm_paraphrase_aug_0.2","40.45987176652664","33.644067796610166","2023-08-30T03:00:26.000Z","1052","2023-08-30T03:17:58.000Z","vkemw8yq","-","finished","2023-08-30T03:17:58.000Z","","models/claq-qa-th-wangchanberta-th_llm_paraphrase_aug_0.2/runs/Aug30_10-00-25_apex-foobox","models/claq-qa-th-wangchanberta-th_llm_paraphrase_aug_0.2","models/claq-qa-th-wangchanberta-th_llm_paraphrase_aug_0.2","1.375227451324463","5.1309","439.692","3.508","9.97","1690","0","0.7896","39.049623005435734","54.59783809068059","56.02393844967269","49.13152290108751","22918812133686144","1.9144181200738488","911.3962","118.774","1.854","50.0886524822695","61.89193130991271"
"th_llm_paraphrase_aug_0.1","40.90205615741764","33.983050847457626","2023-08-30T02:43:42.000Z","941","2023-08-30T02:59:23.000Z","49wknl5l","-","finished","2023-08-30T02:59:23.000Z","","models/claq-qa-th-wangchanberta-th_llm_paraphrase_aug_0.1/runs/Aug30_09-43-42_apex-foobox","models/claq-qa-th-wangchanberta-th_llm_paraphrase_aug_0.1","models/claq-qa-th-wangchanberta-th_llm_paraphrase_aug_0.1","1.399128556251526","5.1208","440.555","3.515","9.97","1550","0","0.7475","39.470454146940206","54.21851094745089","55.76856748852828","48.27706540906809","21005107349446270","1.6745836467127646","811.6356","122.259","1.91","51.241134751773046","62.802762582472006"
"th_llm_gec_aug_1.0","41.410568206942294","32.45762711864407","2023-08-30T02:16:25.000Z","1575","2023-08-30T02:42:40.000Z","tyywe246","-","finished","2023-08-30T02:42:40.000Z","","models/claq-qa-th-wangchanberta-th_llm_gec_aug_1.0/runs/Aug30_09-16-25_apex-foobox","models/claq-qa-th-wangchanberta-th_llm_gec_aug_1.0","models/claq-qa-th-wangchanberta-th_llm_gec_aug_1.0","1.5097534656524658","5.11","441.49","3.523","10","2820","0","0.6706","39.558127301420306","53.93138385757475","55.60160183772436","47.52935341332478","38303818190876160","1.5722292960958275","1429.5613","126.207","1.973","50.31028368794326","62.25235684070954"
"th_llm_gec_aug_0.9","41.83064337828875","33.13559322033898","2023-08-30T01:50:19.000Z","1504","2023-08-30T02:15:23.000Z","sta0g2yx","-","finished","2023-08-30T02:15:23.000Z","","models/claq-qa-th-wangchanberta-th_llm_gec_aug_0.9/runs/Aug30_08-50-19_apex-foobox","models/claq-qa-th-wangchanberta-th_llm_gec_aug_0.9","models/claq-qa-th-wangchanberta-th_llm_gec_aug_0.9","1.5822405815124512","5.1115","441.354","3.521","10","2680","0","0.6151","40.03156233561283","54.575780271461085","56.28300684322279","48.03189401376905","36388839584947200","1.4967215068304716","1360.8586","125.95","1.969","50.044326241134755","61.68765020464931"
"th_llm_gec_aug_0.8","40.54830864470484","31.610169491525426","2023-08-30T01:25:22.000Z","1434","2023-08-30T01:49:16.000Z","23656y0r","-","finished","2023-08-30T01:49:16.000Z","","models/claq-qa-th-wangchanberta-th_llm_gec_aug_0.8/runs/Aug30_08-25-21_apex-foobox","models/claq-qa-th-wangchanberta-th_llm_gec_aug_0.8","models/claq-qa-th-wangchanberta-th_llm_gec_aug_0.8","1.525210976600647","5.1138","441.159","3.52","10","2540","0","0.7347","38.69893038751534","53.06973863162959","54.6337145548045","47.07493939390186","34473860979018240","1.5889221611924058","1292.6989","125.613","1.965","47.11879432624114","59.49079006057498"
"th_llm_gec_aug_0.7","40.99049303559585","32.96610169491525","2023-08-30T01:01:33.000Z","1366","2023-08-30T01:24:19.000Z","js11yvfo","-","finished","2023-08-30T01:24:19.000Z","","models/claq-qa-th-wangchanberta-th_llm_gec_aug_0.7/runs/Aug30_08-01-32_apex-foobox","models/claq-qa-th-wangchanberta-th_llm_gec_aug_0.7","models/claq-qa-th-wangchanberta-th_llm_gec_aug_0.7","1.5072077512741089","5.1232","440.35","3.513","10","2400","0","0.6487","39.33017709977205","54.24524946711577","55.827514621505145","48.18034667618243","32558882373089280","1.558236999511719","1224.171","125.277","1.961","51.2854609929078","63.12298210295712"
"th_llm_gec_aug_0.6","41.808534158744195","34.91525423728814","2023-08-30T00:38:54.000Z","1296","2023-08-30T01:00:30.000Z","xl367ufa","-","finished","2023-08-30T01:00:30.000Z","","models/claq-qa-th-wangchanberta-th_llm_gec_aug_0.6/runs/Aug30_07-38-54_apex-foobox","models/claq-qa-th-wangchanberta-th_llm_gec_aug_0.6","models/claq-qa-th-wangchanberta-th_llm_gec_aug_0.6","1.5120937824249268","5.1085","441.619","3.524","10","2260","0","0.7321","40.38225495353323","54.57264688199956","55.940103850725066","49.33111478916561","30643903767160320","1.62086207296996","1154.8141","124.99","1.957","50.930851063829785","62.40156627844163"
"th_llm_gec_aug_0.5","40.30510722971479","33.644067796610166","2023-08-30T00:17:28.000Z","1224","2023-08-30T00:37:52.000Z","j5td6is6","-","finished","2023-08-30T00:37:52.000Z","","models/claq-qa-th-wangchanberta-th_llm_gec_aug_0.5/runs/Aug30_07-17-27_apex-foobox","models/claq-qa-th-wangchanberta-th_llm_gec_aug_0.5","models/claq-qa-th-wangchanberta-th_llm_gec_aug_0.5","1.458447813987732","5.1164","440.935","3.518","9.98","2110","0","0.6757","38.926880589163595","53.78016986300163","55.310967842216655","47.91254337148628","28659926486405760","1.603387697048097","1084.7284","124.741","1.945","50.39893617021277","62.26257318071311"
"th_llm_gec_aug_0.4","42.118063232367895","35.25423728813559","2023-08-29T23:57:09.000Z","1156","2023-08-30T00:16:25.000Z","kvl7kewx","-","finished","2023-08-30T00:16:25.000Z","","models/claq-qa-th-wangchanberta-th_llm_gec_aug_0.4/runs/Aug30_06-57-08_apex-foobox","models/claq-qa-th-wangchanberta-th_llm_gec_aug_0.4","models/claq-qa-th-wangchanberta-th_llm_gec_aug_0.4","1.4766699075698853","5.1215","440.5","3.515","9.97","1970","0","0.7143","40.69787830966158","54.720299925899845","56.1008879010289","49.428436017842785","26746221702165890","1.5934404169847518","1016.1504","124.283","1.939","51.06382978723404","62.244035166082035"
"th_llm_gec_aug_0.3","38.58058810523988","32.6271186440678","2023-08-29T23:38:02.000Z","1084","2023-08-29T23:56:06.000Z","y9aex93w","-","finished","2023-08-29T23:56:06.000Z","","models/claq-qa-th-wangchanberta-th_llm_gec_aug_0.3/runs/Aug30_06-38-01_apex-foobox","models/claq-qa-th-wangchanberta-th_llm_gec_aug_0.3","models/claq-qa-th-wangchanberta-th_llm_gec_aug_0.3","1.4035571813583374","5.1158","440.986","3.519","9.97","1830","0","0.74","37.34876380852183","53.06093876321619","54.36812065819442","48.05044409289006","24832516917926016","1.6734615471845116","947.5157","123.766","1.931","49.60106382978723","61.846065287779005"
"th_llm_gec_aug_0.2","39.95135971700199","32.28813559322034","2023-08-29T23:20:06.000Z","1013","2023-08-29T23:36:59.000Z","0eg8lhfv","-","finished","2023-08-29T23:36:59.000Z","","models/claq-qa-th-wangchanberta-th_llm_gec_aug_0.2/runs/Aug30_06-20-05_apex-foobox","models/claq-qa-th-wangchanberta-th_llm_gec_aug_0.2","models/claq-qa-th-wangchanberta-th_llm_gec_aug_0.2","1.4389992952346802","5.1074","441.712","3.524","9.97","1690","0","0.7116","38.36577240049097","53.85055124886051","55.44343467502278","47.7449480823093","22918812133686144","1.6400300516884707","878.7329","123.189","1.923","49.955673758865245","62.381857739072295"
"th_llm_gec_aug_0.1","40.34932566880389","32.96610169491525","2023-08-29T23:03:18.000Z","945","2023-08-29T23:19:03.000Z","yqixh80v","-","finished","2023-08-29T23:19:03.000Z","","models/claq-qa-th-wangchanberta-th_llm_gec_aug_0.1/runs/Aug30_06-03-17_apex-foobox","models/claq-qa-th-wangchanberta-th_llm_gec_aug_0.1","models/claq-qa-th-wangchanberta-th_llm_gec_aug_0.1","1.4104796648025513","5.1152","441.035","3.519","9.97","1550","0","0.7784","38.82167280378748","53.43337287740117","54.972109569455306","47.535316895910135","21005107349446270","1.6747994945895288","810.526","122.427","1.912","49.290780141843975","61.53653891997046"
"th_fasttext_aug_1.0","40.34932566880389","33.30508474576271","2023-08-29T22:35:58.000Z","1577","2023-08-29T23:02:15.000Z","afb85fpo","-","finished","2023-08-29T23:02:15.000Z","","models/claq-qa-th-wangchanberta-th_fasttext_aug_1.0/runs/Aug30_05-35-57_apex-foobox","models/claq-qa-th-wangchanberta-th_fasttext_aug_1.0","models/claq-qa-th-wangchanberta-th_fasttext_aug_1.0","1.54376220703125","5.1149","441.063","3.519","10","2820","0","0.6228","38.89181132737155","53.41970913600736","54.870929884096","47.85710621769944","38303818190876160","1.5034436273236649","1429.175","126.241","1.973","50.576241134751776","61.772128417647544"
"th_fasttext_aug_0.9","41.38845898739775","32.71186440677966","2023-08-29T22:09:50.000Z","1505","2023-08-29T22:34:55.000Z","mlpbh7iy","-","finished","2023-08-29T22:34:55.000Z","","models/claq-qa-th-wangchanberta-th_fasttext_aug_0.9/runs/Aug30_05-09-49_apex-foobox","models/claq-qa-th-wangchanberta-th_fasttext_aug_0.9","models/claq-qa-th-wangchanberta-th_fasttext_aug_0.9","1.49046528339386","5.1229","440.375","3.514","10","2680","0","0.5702","39.593196563212345","54.39895319679393","56.15512264059574","47.66746642195122","36388839584947200","1.4657916738026178","1360.7031","125.964","1.97","51.019503546099294","62.72815618507587"
"th_fasttext_aug_0.8","40.63674552288304","32.3728813559322","2023-08-29T21:44:51.000Z","1436","2023-08-29T22:08:47.000Z","bfzwx4pw","-","finished","2023-08-29T22:08:47.000Z","","models/claq-qa-th-wangchanberta-th_fasttext_aug_0.8/runs/Aug30_04-44-50_apex-foobox","models/claq-qa-th-wangchanberta-th_fasttext_aug_0.8","models/claq-qa-th-wangchanberta-th_fasttext_aug_0.8","1.4535880088806152","5.1163","440.944","3.518","10","2540","0","0.6866","38.926880589163595","53.64347976653681","55.02096559397238","48.363506548325375","34473860979018240","1.576343061792569","1292.3076","125.651","1.965","49.46808510638298","61.60741068340416"
"th_fasttext_aug_0.7","39.70815830201194","33.220338983050844","2023-08-29T21:21:01.000Z","1367","2023-08-29T21:43:48.000Z","k6t9994c","-","finished","2023-08-29T21:43:48.000Z","","models/claq-qa-th-wangchanberta-th_fasttext_aug_0.7/runs/Aug30_04-20-59_apex-foobox","models/claq-qa-th-wangchanberta-th_fasttext_aug_0.7","models/claq-qa-th-wangchanberta-th_fasttext_aug_0.7","1.4761662483215332","5.1218","440.466","3.514","10","2400","0","0.5645","38.36577240049097","52.79793384145516","54.10017070714636","47.80639371982842","32558882373089280","1.4634882418314616","1223.9099","125.303","1.961","49.423758865248224","61.67334364461725"
"th_fasttext_aug_0.6","40.32721644925934","31.864406779661017","2023-08-29T20:58:25.000Z","1292","2023-08-29T21:19:57.000Z","4kdk9zsd","-","finished","2023-08-29T21:19:57.000Z","","models/claq-qa-th-wangchanberta-th_fasttext_aug_0.6/runs/Aug30_03-58-24_apex-foobox","models/claq-qa-th-wangchanberta-th_fasttext_aug_0.6","models/claq-qa-th-wangchanberta-th_fasttext_aug_0.6","1.5018572807312012","5.1211","440.531","3.515","10","2260","0","0.7236","38.57618797124321","53.61858985285984","55.28844082537277","47.21796616754244","30643903767160320","1.608810276267803","1155.2563","124.942","1.956","50.177304964539005","61.97477767381489"
"th_fasttext_aug_0.5","39.97346893654654","32.3728813559322","2023-08-29T20:36:56.000Z","1226","2023-08-29T20:57:22.000Z","cl38z8yn","-","finished","2023-08-29T20:57:22.000Z","","models/claq-qa-th-wangchanberta-th_fasttext_aug_0.5/runs/Aug30_03-36-56_apex-foobox","models/claq-qa-th-wangchanberta-th_fasttext_aug_0.5","models/claq-qa-th-wangchanberta-th_fasttext_aug_0.5","1.496369242668152","5.1133","441.202","3.52","9.98","2110","0","0.7035","38.40084166228301","53.3068546666264","54.77270456969316","47.68817745343169","28659926486405760","1.5622025259298171","1084.3797","124.781","1.946","50.0886524822695","61.8628344084677"
"th_fasttext_aug_0.4","38.73535264205174","32.88135593220339","2023-08-29T20:16:42.000Z","1152","2023-08-29T20:35:54.000Z","155s56xg","-","finished","2023-08-29T20:35:54.000Z","","models/claq-qa-th-wangchanberta-th_fasttext_aug_0.4/runs/Aug30_03-16-41_apex-foobox","models/claq-qa-th-wangchanberta-th_fasttext_aug_0.4","models/claq-qa-th-wangchanberta-th_fasttext_aug_0.4","1.474696397781372","5.1137","441.167","3.52","9.97","1970","0","0.694","37.524110117482024","52.736305278744005","53.91841302701535","48.2052261724478","26746221702165890","1.5810675529053977","1015.39","124.376","1.94","51.50709219858156","63.148975500998475"
"th_fasttext_aug_0.3","38.64691576387354","33.983050847457626","2023-08-29T19:57:37.000Z","1082","2023-08-29T20:15:39.000Z","cf22mgft","-","finished","2023-08-29T20:15:39.000Z","","models/claq-qa-th-wangchanberta-th_fasttext_aug_0.3/runs/Aug30_02-57-36_apex-foobox","models/claq-qa-th-wangchanberta-th_fasttext_aug_0.3","models/claq-qa-th-wangchanberta-th_fasttext_aug_0.3","1.4673563241958618","5.1128","441.249","3.521","9.97","1830","0","0.6609","37.6819217955462","53.16485090386238","54.312885984187105","48.7643740663143","24832516917926016","1.5672605545794378","947.155","123.813","1.932","51.72872340425532","63.13238196177816"
"th_fasttext_aug_0.2","38.40371434888348","31.610169491525426","2023-08-29T19:39:44.000Z","1010","2023-08-29T19:56:34.000Z","zcn7nmyr","-","finished","2023-08-29T19:56:34.000Z","","models/claq-qa-th-wangchanberta-th_fasttext_aug_0.2/runs/Aug30_02-39-43_apex-foobox","models/claq-qa-th-wangchanberta-th_fasttext_aug_0.2","models/claq-qa-th-wangchanberta-th_fasttext_aug_0.2","1.4217615127563477","5.1098","441.504","3.523","9.97","1690","0","0.6992","36.99807119060144","53.25379653161271","54.710593178432674","47.669820909947504","22918812133686144","1.6093993418315458","878.6337","123.203","1.923","49.86702127659574","61.99038692958574"
"th_fasttext_aug_0.1","39.68604908246739","33.389830508474574","2023-08-29T19:23:01.000Z","940","2023-08-29T19:38:41.000Z","am19j7g7","-","finished","2023-08-29T19:38:41.000Z","","models/claq-qa-th-wangchanberta-th_fasttext_aug_0.1/runs/Aug30_02-23-00_apex-foobox","models/claq-qa-th-wangchanberta-th_fasttext_aug_0.1","models/claq-qa-th-wangchanberta-th_fasttext_aug_0.1","1.4215317964553833","5.1028","442.107","3.527","9.97","1550","0","0.7336","38.38330703138699","53.84267187208788","55.064884692012235","49.15786798690458","21005107349446270","1.6675381469726562","810.356","122.452","1.913","50.797872340425535","62.63647114832578"
"th_aug_1.0","40.70307318151669","33.47457627118644","2023-08-29T18:55:40.000Z","1578","2023-08-29T19:21:58.000Z","5ufpr2db","-","finished","2023-08-29T19:21:58.000Z","","models/claq-qa-th-wangchanberta-th_aug_1.0/runs/Aug30_01-55-39_apex-foobox","models/claq-qa-th-wangchanberta-th_aug_1.0","models/claq-qa-th-wangchanberta-th_aug_1.0","1.486864447593689","5.1096","441.519","3.523","10","2820","0","0.5861","39.20743468349991","54.340690983207935","55.80131769766739","48.74203451753129","38303818190876160","1.4911653180494375","1428.4947","126.301","1.974","50.75354609929078","62.732653643753515"
"th_aug_0.9","40.74729162060579","33.644067796610166","2023-08-29T18:29:33.000Z","1504","2023-08-29T18:54:37.000Z","xy58kh7x","-","finished","2023-08-29T18:54:37.000Z","","models/claq-qa-th-wangchanberta-th_aug_0.9/runs/Aug30_01-29-32_apex-foobox","models/claq-qa-th-wangchanberta-th_aug_0.9","models/claq-qa-th-wangchanberta-th_aug_0.9","1.4838471412658691","5.1206","440.572","3.515","10","2680","0","0.6592","39.27757320708399","54.51652106327476","56.01944915799385","48.75572125614498","36388839584947200","1.5935683634743762","1360.3995","125.992","1.97","51.684397163120565","63.130061375380414"
"th_aug_0.8","41.808534158744195","33.220338983050844","2023-08-29T18:04:33.000Z","1437","2023-08-29T18:28:30.000Z","1654as1r","-","finished","2023-08-29T18:28:30.000Z","","models/claq-qa-th-wangchanberta-th_aug_0.8/runs/Aug30_01-04-32_apex-foobox","models/claq-qa-th-wangchanberta-th_aug_0.8","models/claq-qa-th-wangchanberta-th_aug_0.8","1.5124448537826538","5.1124","441.279","3.521","10","2540","0","0.6689","40.03156233561283","54.685901119461505","56.41012803548953","48.076851677772225","34473860979018240","1.5949664739173228","1291.9543","125.686","1.966","50.487588652482266","62.47840308071856"
"th_aug_0.7","41.631660402387794","33.813559322033896","2023-08-29T17:40:44.000Z","1366","2023-08-29T18:03:30.000Z","hgj1vto8","-","finished","2023-08-29T18:03:30.000Z","","models/claq-qa-th-wangchanberta-th_aug_0.7/runs/Aug30_00-40-43_apex-foobox","models/claq-qa-th-wangchanberta-th_aug_0.7","models/claq-qa-th-wangchanberta-th_aug_0.7","1.506683111190796","5.1136","441.176","3.52","10","2400","0","0.6483","40.01402770471682","53.73870469289102","55.381146689061744","47.4431410075701","32558882373089280","1.545362230936686","1223.3319","125.363","1.962","49.955673758865245","62.18171398661202"
"th_aug_0.6","40.23877957108114","33.559322033898304","2023-08-29T17:18:06.000Z","1295","2023-08-29T17:39:41.000Z","2tw25epv","-","finished","2023-08-29T17:39:41.000Z","","models/claq-qa-th-wangchanberta-th_aug_0.6/runs/Aug30_00-18-06_apex-foobox","models/claq-qa-th-wangchanberta-th_aug_0.6","models/claq-qa-th-wangchanberta-th_aug_0.6","1.5378248691558838","5.1181","440.792","3.517","10","2260","0","0.6496","38.85674206557952","53.95097491512086","55.45167543189347","48.19871352752711","30643903767160320","1.5405543369529522","1154.9718","124.973","1.957","49.60106382978723","61.49589756468835"
"th_aug_0.5","41.543223524209594","33.13559322033898","2023-08-29T16:56:22.000Z","1241","2023-08-29T17:17:03.000Z","yt9zz0qi","-","finished","2023-08-29T17:17:03.000Z","","models/claq-qa-th-wangchanberta-th_aug_0.5/runs/Aug29_23-56-22_apex-foobox","models/claq-qa-th-wangchanberta-th_aug_0.5","models/claq-qa-th-wangchanberta-th_aug_0.5","1.4915344715118408","5.1097","441.517","3.523","9.98","2110","0","0.8899","39.80361213396458","54.29892225384864","56.0052134419693","47.7586213692146","28659926486405760","1.7844409092907656","1100.5502","122.948","1.917","49.77836879432624","62.02968506153198"
"th_aug_0.4","42.00751713464515","33.898305084745765","2023-08-29T16:35:20.000Z","1200","2023-08-29T16:55:20.000Z","8blhu48l","-","finished","2023-08-29T16:55:20.000Z","","models/claq-qa-th-wangchanberta-th_aug_0.4/runs/Aug29_23-35-20_apex-foobox","models/claq-qa-th-wangchanberta-th_aug_0.4","models/claq-qa-th-wangchanberta-th_aug_0.4","1.4786264896392822","5.4959","410.49","3.275","9.97","1970","0","0.705","40.32965106084517","54.69655930572063","56.43343488207419","48.03902690585144","26746221702165890","1.619834411930917","1055.6772","119.629","1.866","50.797872340425535","62.669975895101125"
"th_aug_0.3","40.01768737563564","33.05084745762712","2023-08-29T16:15:49.000Z","1109","2023-08-29T16:34:18.000Z","se9jnq99","-","finished","2023-08-29T16:34:18.000Z","","models/claq-qa-th-wangchanberta-th_aug_0.3/runs/Aug29_23-15-49_apex-foobox","models/claq-qa-th-wangchanberta-th_aug_0.3","models/claq-qa-th-wangchanberta-th_aug_0.3","1.4667553901672363","5.1347","439.367","3.506","9.97","1830","0","0.6614","38.57618797124321","53.12917325265579","54.696730488654616","47.120646660773644","24832516917926016","1.5533814894045637","966.0113","121.396","1.894","49.9113475177305","61.68376185825818"
"th_aug_0.2","40.43776254698209","33.13559322033898","2023-08-29T15:41:19.000Z","1558","2023-08-29T16:07:17.000Z","rvm4ytuo","-","finished","2023-08-29T16:07:17.000Z","","models/claq-qa-th-wangchanberta-th_aug_0.2/runs/Aug29_22-41-18_apex-foobox","models/claq-qa-th-wangchanberta-th_aug_0.2","models/claq-qa-th-wangchanberta-th_aug_0.2","1.6057549715042114","5.7534","392.113","3.129","14.96","2535","0","0.4067","38.926880589163595","53.92563035030053","55.64745658353213","47.325782847839065","34375776708958464","1.3208359065610746","1417.1706","114.577","1.789","49.734042553191486","61.849780324436175"
"th_aug_0.1","39.64183064337829","32.88135593220339","2023-08-29T15:16:57.000Z","1399","2023-08-29T15:40:16.000Z","g5wdxs19","-","finished","2023-08-29T15:40:16.000Z","","models/claq-qa-th-wangchanberta-th_aug_0.1/runs/Aug29_22-16-56_apex-foobox","models/claq-qa-th-wangchanberta-th_aug_0.1","models/claq-qa-th-wangchanberta-th_aug_0.1","1.5798757076263428","5.3255","423.62","3.38","14.95","2325","0","0.4389","38.24302998421883","53.82295602227457","55.62949571200973","46.8983975335709","31504582621754110","1.324026387532552","1254.5712","118.642","1.853","49.955673758865245","61.805035035848434"
"original","39.46495688702189","34.91525423728814","2023-08-29T14:54:30.000Z","1284","2023-08-29T15:15:54.000Z","b61obn36","-","finished","2023-08-29T15:15:54.000Z","","models/claq-qa-th-wangchanberta-original/runs/Aug29_21-54-29_apex-foobox","models/claq-qa-th-wangchanberta-original","models/claq-qa-th-wangchanberta-original","1.5603008270263672","5.3099","424.864","3.39","15","2115","0","0.4735","38.523584078555146","53.613789205379874","54.87076447249732","48.79573909252371","28727863643157120","1.3423595888394837","1151.6499","117.497","1.836","50.75354609929078","62.39794283325264"